"location","text"
"Orat. 46_1","οὐδείς@p-s---na- καινός@a-s---na- ὦ@i-------- βασιλεύς@n-s---mv- πράσσω@v3srie--- ἐγώ@p1s---md- μή@c-------- πρόσειμι1@v-sppamd- οὗτος@p-s---md- ὁ@l-s---md- τηλικοῦτος@a-s---fa- ἀρχή@n-s---fa- ἐν@r-------- νεότης@n-s---fd- λαμβάνω@v-sapamd- μετά@r-------- πολύς@a-p---fa- ὡς@r-------- αὐτός@p-s---ma- ὁδός@n-p---fa- ἐγώ@p1s---md- γίγνομαι@v-prpefa- διά@r-------- συχνός@a-p---fg- γάρ@d-------- ἐγώ@p1s---mn- τοιοῦτος@a-p---ng- ἀφικνέομαι@v1srie--- μεταβολή@n-p---fg- οὐ@d-------- διά@r-------- ὁ@l-s---fa- ἐμαυτοῦ@p-s---mg- κακία@n-s---fa- ἀλλά@c-------- διά@r-------- ὁ@l-s---fa- ὁ@l-p---mg- οὐ@d-------- δύναμαι@a-p---mg- θήεις@v-papamg- ἐπί@r-------- ὅς@p-p---ng- δείκνυμι@v3paia--- μένω@v--ana--- καί@d-------- οὐ@d-------- αἰσχύνω@v1spie--- μέμφομαι@v-sppemn- ὅς@p-s---ma- πρότερος@a-s---na- ἐπαινέω@v1siia--- ἕτερος@a-s---ma- γίγνομαι@v-srpena- ὁράω@v-sppamn- ὁ@l-s---nn- ἐναντίος@a-s---nn- γάρ@d-------- αἰσχρός@a-s---nn- ἄν@d-------- εἰμί@v3siia--- εἰ@c-------- μεταβάλλω@v3slia--- -@v3pamp--- μένω@v-prpeng- ἐκεῖνος@p-p---mg- μή@d-------- ὁ@l-p---nd- πρᾶγμα@n-p---nd- ἀκολουθέω@v3piia--- ἀλλά@c-------- εἰμί@v3siia--- ὁ@l-s---mn- αὐτός@p-s---mn- πρός@r-------- ὁ@l-s---ma- οὐκέτι@d-------- ὁ@l-s---ma- αὐτός@p-s---ma-"
"Orat. 46_2","ὅς@p-s---nn- δή@d-------- καί@d-------- νῦν@d-------- συμβαίνω@v3sria--- ἕως@c-------- μέν@d-------- γάρ@d-------- ὁράω@v1siia--- ι@l-s---mn- φλωρέν@n-s---ma- τίω@v3piia--- οὗτος@p-s---ma- πρός@r-------- ὁ@l-p---ma- ἄρχω@v-pppema- ἥμερος@n-s---ma- βέλτιστος@a-s---na- τε@d-------- ἡγέομαι@v1siie--- καί@c-------- ἔπαινος@n-p---mg- ἄξιος@a-s---ma- ἐπεί@c-------- δέ@d-------- εἶδον@v1saia--- χαλεπός@a-s---ma- τε@c-------- καί@c-------- ἀνήμερος@a-s---ma- καί@c-------- ὁ@l-p---mg- ἐπί@r-------- οὗτος@p-p---nd- μέγας@a-s---na- φρονέω@v3ppie--- ὁ@p-p---ng- οὐδείς@p-s---na- διαφέρω@v-sppama- καλός@d-------- ἔχω@v--pna--- ἡγέομαι@v1saim--- ὁ@l-s---ma- εἰ@c-------- φαίνω@v3sfim--- φιλάνθρωπος@a-s---mn- ἐρυθριάω@v-sppama- φεύγω@v--pna--- 3@x-------- ἀκούω@v2sama--- δέ@d-------- ὦ@i-------- βασιλεύς@n-s---mv- πῶς@d-------- ἅπας@a-s---nn- οὗτος@a-s---nn- ἔχω@v3saia--- ἥκω@v3piia--- ἐκ@r-------- κιλικία@n-s---fg- φθάνω@v-papamn- οὗτος@p-s---ma- ὁ@l-p---mn- σύνδικος@a-p---mn- προσέρχομαι@v-sapamn- οὖν@d-------- αὐτός@p-p---md- ἔρομαι@v1saim--- εἰ@c-------- μιμνήσκω@v3srie--- ὁ@l-p---ng- περί@r-------- ὀδυσσεύς@n-s---mg- ἐρῶ@v-prpeng- ὅμηρος@n-s---md- καί@c-------- ὅστις@p-s---mn- εἰμί@v3siia--- πρός@r-------- ὁ@l-p---ma- μνηστήρ@n-p---ma- καί@d-------- λίαν@d-------- φημί@v3paia--- καί@c-------- οὐ@d-------- τε@d-------- δεῖ@v--pna--- ἡδέως@d-------- οὐ@d-------- τε@c-------- πλήσσω@v--pna--- ἥδομαι@v1saip--- ἐγώ@p1s---mn- οὗτος@p-p---na- ἀκούω@v-sapamn- καί@c-------- ἵημι@v--ana--- τοιοῦτος@p-s---ma- αὐτός@p-s---ma- διά@r-------- τέλος@n-s---ng- εὔχομαι@v1saim--- ἀδύνατος@a-p---na- ζητέω@v-sppamn- ὡς@c-------- μετά@r-------- οὗτος@p-p---na- γιγνώσκω@v1saia--- εὐθύς2@d-------- μέν@d-------- γάρ@d-------- εἷς@n-s---ma- ὁ@l-p---mg- πολιός@a-p---mg- τεύομαι@v-pppemg- ὁ@l-s---fg- ἡμέτερος@a-s---fg- οἰκία@n-s---fg- λύω@v-sppama- ὁ@l-p---fa- ἐπιφέρω@v-pappfa- αἰτία@n-p---fa- δεσμώτης@n-s---ma- ποιέω@v3saia--- ἐγγυητής@n-p---mg- οὐ@d-------- ἀπορέω@v-sppama- ὁ@p-s---md- ὅταν@c-------- εἰμί@v3ppsa--- δεσμός@n-s---mn- οὐ@d-------- εἰμί@v3spia--- ἐπί@r-------- μικρός@a-p---fd- αἰτία@n-p---fd- οἷος@a-p---fn- εἰμί@v3piia--- ὁ@l-p---fn- τότε@d-------- δέω@v-sppemg- δέ@d-------- ἐγώ@p1s---mg- λύω@v--ana--- μόλις@d-------- μέν@d-------- φημί@v3siia--- δέ@d-------- λύω@v--fna--- εἶπον@v-sapamn- δέ@d-------- ἐάω@v3siia--- δέω@v--rne--- ὥστε@c-------- ἕτερος@a-s---fg- ἐκεῖνος@p-s---md- δέω2@v--ana--- βοήθεια@n-s---fg-"
"Orat. 46_4","ἔπειτα@d-------- ῥήτωρ@n-s---ma- ὁ@l-p---mg- ἐν@r-------- δόξα@n-s---fd- ὁ@l-s---ng- συνδικέω@v--pna--- ἀφέλκω@v-sapamn- πέμπω@v3saia--- περί@r-------- μέτρον@n-p---na- γῆ@n-s---fg- οἰμώζω@v-sfpmma- ὅτι@c-------- ποτέ@d-------- ῥητορεύω@v-sppamn- ὑπέρ@r-------- ὁ@l-p---mg- αὐτός@p-s---md- μισθός@n-s---ma- δίδωμι@v-prpamg- οὐδείς@p-s---na- παραλείπω@v3saia--- ὅς@p-p---ng- νομίζω@v3siia--- συμ@a-s---na- φέρω@v--pna--- ἐρῶ@v--pne--- οὕτως@d-------- ἀξιόω@v3siia--- χράω@v--pne--- ὁ@l-p---md- παρά@r-------- ὁ@l-s---fg- ἀρχή@n-s---fg- ὅς@p-s---ma- γάρ@d-------- οὐ@d-------- ἄν@d-------- ἄλλως@d-------- ποιέω@v3siia--- κακός@d-------- οὐ@d-------- γάρ@d-------- ἔχω@v3siia--- ἐπί@r-------- οὗτος@p-s---ma- χράομαι@v3siie--- ὁ@l-s---md- θρόνος@n-s---md-"
"Orat. 46_5","ἀνήρ@n-s---ma- τοίνυν@d-------- δεξιός@a-s---ma- ἐπί@r-------- πλεῖστος@a-s---na- ἥκω@v-sppama- νόος@n-s---mg- καί@d-------- βιβλίον@n-p---ng- τε@d-------- γέμω@v-sppama- καί@d-------- πλεῖστος@a-p---na- διοικέω@v-srpama- καί@c-------- ὡς@c-------- οὐ@d-------- ἄν@d-------- ἕτερος@a-s---mn- καί@c-------- ὁ@l-s---fa- ἀγορά@n-s---fa- διά@r-------- πᾶς@a-p---ng- ἀμείνων@a-s---fac ποιέω@v-srpama- ἐμπειρία@n-s---fd- τε@d-------- ὁ@l-s---fd- περί@r-------- οὗτος@p-p---na- καί@c-------- δικαιοσύνη@n-s---fd- ὁ@l-s---ma- δή@d-------- τοιοῦτος@p-s---ma- ὑβρίζω@v-sppema- ἐν@r-------- ὁ@l-s---nd- θέατρον@n-s---nd- παρά@r-------- ὁ@l-p---mg- ἑαυτοῦ@p-p---ma- πιπράσκω@n-p---na- κότος@n-p---mg- ὁ@l-p---md- ἐχθρός@a-p---md- ὁ@l-p---md- ἐκεῖνος@p-s---mg- πρ@a-------- δίδωμι@v3sria--- ἀσελγής@a-p---md- καί@d-------- τρόπος@n-p---md- καί@d-------- ῥῆμα@n-p---nd- καί@c-------- νόμος@n-p---md- ἐναντίος@a-p---md- καίτοι@d-------- χρή@v3siia--- ἕπομαι@v-sppema- ἄρχων@n-p---mg- εὐδόκιμος@a-p---mg- παράδειγμα@n-p---nd- συλλαμβάνω@v--ana--- τις@p-p---ma- ὁ@l-p---ng- ὑβριστής@n-p---mg- ἀγανακτέω@v--ana--- δίκη@n-s---fa- λαμβάνω@v--ana--- ὁ@l-s---ng- θράσος@n-s---ng- παρά@r-------- ἄνθρωπος@n-p---mg- ὑπό@r-------- ὁ@l-s---fg- ὁ@l-p---mg- ὀρχηστής@n-p---mg- πορνεία@n-s---fg- τρέφω@v-pppemg- μή@d-------- ὁ@l-p---ng- ἔργον@n-p---ng- πιστός@a-s---na- τέρας@a-p---fa- νομίζω@v--ana--- ὁ@l-p---fa- βλασφημία@n-p---fa- καίτοι@d-------- καί@d-------- εἰ@c-------- τις@p-s---nn- ζεύς@a-s---nn- -@n-s---nn- καίω@a-s---nn- εἰμί@v3siia--- ἐν@r-------- ὁ@l-p---nd- κατά@r-------- αὐτός@p-s---mg- λέγω3@v-pppend- οὐ@d-------- ὁ@l-s---nn- θέατρον@n-s---nn- εἰμί@v3siia--- χωρίον@n-s---nn- οὗτος@a-p---nd- ὁ@l-p---nd- δίκαιος@a-p---nd- ἀλλά@c-------- οἶδα@v1pria--- ὅς@d-------- ὁ@l-p---nn- τοιοῦτος@p-p---nn- ἐξετάζω@v3spie--- οὗτος@p-s---ng- δή@d-------- λαγχάνω@v-sapama- δίκη@n-s---fa- ἐπί@r-------- ὁ@l-s---ma- ἔλεγχος2@n-s---ma- βαδίζω@v--pna--- δεῖ@v3siia--- καί@c-------- δείκνυμι@v-pppang- μέν@d-------- ἀδίκημα@n-s---na- κακός@a-s---na- νομίζω@v--pna--- ὁ@l-s---ma- ἐξελέγχω@v-srpema- καταψεύδω@v-papemg- δέ@c-------- πάλιν@d-------- ἀπαιτέω@v--pna--- δίκη@n-s---fa- ὁ@l-s---fa- ὁ@l-s---fg- συκοφαντία@n-s---fg-"
"Orat. 46_6","ὁ@l-s---mn- δ@d-------- ’@d-------- ἀπό@r-------- ι@a-------- ψιλός@a-p---fg- ὁ@l-p---fg- αἰτία@n-p---fg- ὁ@l-p---ma- μέν@d-------- αἰακός@n-p---ma- νομίζω@v3saia--- ὁ@l-s---ma- δέ@c-------- εὐρύβατος@n-s---ma- καί@d-------- μή@d-------- τε@d-------- καλέω@v-sapamn- μήτε@d-------- ἐρωτάω@v-sapamn- μή@d-------- τε@c-------- κρίνω@v-sapamn- ἐξελαύνω@v3saia--- ὁ@l-s---fg- τάξις@n-s---fg- ἐπί@r-------- εἰμί@a-s---fg- εἰμί@v3siia--- ὁ@l-p---mg- ἐν@r-------- ὁ@l-s---fd- βουλή@n-s---fd- ὁ@l-s---ma- ἄριστον@a-s---ma- εἰμί@p-s---fa- πολύς@a-p---ma- πρότερος@a-s---na- ὑπερβαίνω@v-sapamn- ποιέω@v3slie--- φίλος@a-s---ma- οἶδα@v-srpamn- καί@c-------- ὁ@l-s---ma- πατήρ@n-s---ma- ὁ@l-s---ma- ἑαυτοῦ@p-s---mg- χράομαι@v-sppema- ὁ@l-s---md- πολιτεύω@v-sppemd- ὅς@p-p---ng- οὐδείς@p-s---na- ὁ@l-s---mn- φλωρέντιος@n-s---mn- αἰδέομαι@v-sappmn- κολακεύω@v3saia--- ὁ@l-p---ma- ὁ@l-s---mg- δῆμος@n-s---mg- μοχθηρός@n-p---ma- ὅς@p-p---md- ὅσος@a-p---nn- βούλομαι@v-pppemd- εἰμί@v3siia--- ψηφίζομαι@v3siie--- παραινέω@v3siia--- μέν@d-------- οὖν@d-------- ἐγώ@p1s---cd- καί@d-------- οὗτος@p-p---na- πρόσωθεν@d-------- ὁ@l-s---ma- ὁράω@v--pna--- καί@c-------- ζημία@n-s---fa- ποιέω@v--pne--- ὁ@l-s---fa- ὁμιλία@n-s---fa- ὁ@l-s---fa- πρός@r-------- ὁ@l-s---ma- ἀρετή@n-s---fg- ἀμελέω@v-srpama- ὁ@l-s---mn- δέ@d-------- καί@d-------- τις@p-s---ca- οὗτος@p-p---nd- προσθέω@v3saip--- ἄν@d-------- ἕτερος@a-p---na- ὁ@l-s---fa- αὐτός@a-s---fa- ἔχω@v-pppana- συμβουλή@n-s---fa- ὁ@l-p---ma- γάρ@d-------- ἄθλιος@a-p---ma- οὗτος@p-p---ma- ὁ@l-p---ma- ἐν@r-------- ὠνή@n-s---fd- καί@c-------- πρᾶξις@n-s---fd- ὁ@l-s---fd- ὁ@l-p---ng- ὠνίον@n-p---ng- ζάω@v-pppama- σύνλέγω2@v-sapamn- διά@r-------- ὁ@l-p---mg- ῥαβδοῦχος@n-p---mg- οὗτος@p-s---nn- δέ@d-------- εἰμί@v3siia--- λῆμμα@n-s---nn- ἕκαστος@a-s---md- ὁ@l-p---mg- ῥαωδούχος@n-p---mg- ποιέω@v--ana--- ὁ@l-s---ma- λαμβάνω@v-srpema- εἰ@c-------- γάρ@d-------- μή@d-------- οὗτος@p-s---na- ὑπομένω@v1siia--- ἄγω@v3piie--- ἄν@d-------- ὁ@l-s---fa- νύξ@n-s---fa- τοίνυν@d-------- ἀναλίσκω@v-srpamn- ἐν@r-------- ὁ@l-s---nd- σκοπέω@v--pna--- ὅς@p-s---na- τις@a-s---na- χρή@v3spia--- πάσχω@v--ana--- ὁ@l-p---ma- ἔχω@v-pppema- πληγή@n-p---fg- ποιέω@v3saia--- ὁ@l-s---fa- ἡμέρα@n-s---fa- πληγή@n-p---fg- ὅσος@a-p---fn- γίγνομαι@v3paom--- ἄν@d-------- κατά@r-------- ἕκαστος@a-s---ma- ὑπό@r-------- νέος@a-p---mg- πεντεκαίδεκα@a-------- ὁ@l-s---mg- ὁ@l-s---ma- πρότερος@a-s---ma- ἀποκαλέω@v--ana--- εἰσάγω@v-sppamg- ὁ@l-s---ma- διά@r-------- -@l-s---mg- δοχος@n-s---ma- ἡγέομαι@v3siim--- γάρ@d-------- ὅσπερ@p-s---na- αὖ@d-------- καί@d-------- ὁ@l-s---mn- πατήρ@n-s---mn- σίδηρος@n-s---mg- ὁ@l-p---na- νῶτον@n-p---na- ὁ@l-p---md- τύπτω@v-pppemd- εἰμί@v--pna---"
"Orat. 46_8","καί@d-------- πρῶτος@a-s---mn- ἐκεῖνος@p-s---mn- τολμάω@v3saia--- πληγή@n-p---fd- ἐργάζομαι@v--ane--- θάνατος@n-s---ma- ὅς@p-s---mg- μαθητής@n-s---fa- ἔχω@v3saia--- τατιανός@n-s---ma- ἐκεῖνος@p-s---mn- δέ@c-------- ὁ@l-s---ma- υἱός@n-s---ma- καί@d-------- οἴομαι@v1siie--- γε@d-------- ὁ@l-s---ma- ἐγώ@p-s---mn- ὁ@l-p---md- ἐκεῖνος@p-p---mg- αἰσχύνω@v-sppema- μηδέτερος@a-p---md- ἕπομαι@v--fnm--- μηδέ@d-------- ’@d-------- ἀντί@r-------- ἄνθρωπος@n-s---mg- θηρίον@n-s---na- εἰμί@v--fnm--- ὁ@l-s---mn- δέ@c-------- ἄρα@d-------- νομίζω@v3siia--- οὐδέ@d-------- ’@d-------- ἄρχων@n-s---mn- γίγνομαι@v--rne--- μή@d-------- τοιοῦτος@p-p---na- ποιέω@v-sapamn- ἐπί@r-------- ὅς@p-s---fd- καλέω@v-pppemn- παρά@r-------- ὁ@l-p---mg- ἕκαστος@a-p---md- οἰκεῖος@a-p---mg- παῖς@n-p---mn- ἰατρός@n-p---mg- ὁράω@v-pppamn- ὁ@l-p---ma- ὀρύσσω@v-prpema- ὑπό@r-------- ὁ@l-p---mg- μάστιξ@n-p---mg- ἐν@r-------- ὁ@l-p---nd- σῶμα@n-p---nd- βόθρος@n-p---ma- ἀναπηδάω@v3piia--- ὡς@d-------- οὐδείς@p-s---na- ἔχω@v-pppamn- ἀπό@r-------- χράω@v-sppamn- καί@d-------- τότε@d-------- ὄντως@d-------- ἄρχω@v--pna--- ὁ@l-s---mn- θαυμάσιος@a-s---mn- νομίζω@v3saia--- ὅτε@c-------- οὗτος@p-p---na- πυνθάνομαι@v3saim--- αἰσχρός@a-s---na- γάρ@d-------- ὡς@c-------- ἔοικα@v3sria--- ἡγέομαι@v3siim--- ὁ@l-s---na- μετά@r-------- σύ@p2s---cg- φιλάνθρωπος@a-s---mn- καί@c-------- εἰμί@v--pna--- καί@c-------- καλέω@v--pne---"
"Orat. 46_9","οὗτος@p-s---ma- οὖν@d-------- οὐ@d-------- προσερέομαι@v1ppia--- ἀνδροφόνος@a-s---ma- διά@r-------- ὅς@p-s---ma- οἴχομαι@v3ppie--- τις@p-p---mn- ὅτι@c-------- μή@d-------- ξίφος@n-s---nd- οὗτος@a-s---na- δράω@v3saia--- ἀλλά@d-------- αὐτός@a-s---nn- δή@d-------- οὗτος@p-s---nn- καί@d-------- ὁ@l-s---nn- δεινός@a-s---nnc εἰμί@v3spia--- τις@p-s---mn- γάρ@d-------- οὐ@d-------- ἄν@d-------- αἱρέω@v3saom--- ὁ@l-p---mg- ἐπί@r-------- θάνατος@n-s---ma- ἄγω@v-pppemg- οὕτως@d-------- μᾶλλον@d-------- ἤ1@c-------- ἐκεῖνος@d-------- ἀποθνήσκω@v--ana--- ι@d-------- πᾶς@a-s---mn- ἄν@d-------- πλήν@r-------- εἰ@c-------- τις@p-s---mn- ὁ@l-s---fa- ἐν@r-------- ὁ@l-p---fd- πληγή@n-p---fd- διατριβή@n-s---fa- εἷς@a-s---fg- τομή@a-s---fg- ὀξύς2@n-s---fg- κοῦφος@a-s---nac ἡγέομαι@v3spim--- ἐγώ@p1s---cn- δέ@d-------- καί@c-------- ὁ@l-p---mg- ἐν@r-------- ὁ@l-p---fd- ὁδός@n-p---fd- ἀποκτείνω@v-pppamg- ὁ@l-p---ma- ξίφος@n-s---nd- ὁ@l-p---ng- διά@r-------- μακρός@a-p---ng- ἄλγημα@n-p---ng- ἡγέομαι@v1spim--- μέτριος@a-p---mac -@a-p---mac θαρσαλεώτερος@a-p---mac ὁ@l-s---mn- δέ@d-------- ὅς@p-p---ma- δίδωμι@v3spia--- ὁ@l-s---mn- νόμος@n-s---mn- ἀποκτείνω@v-sapamn- οὐ@d-------- οἴομαι@v-sppemn- εἰμί@v--pna--- φονεύς@n-s---mn- διότι@c-------- μή@d-------- σίδηρος@n-s---md- διπλόος@d-------- ὁ@l-s---ma- νόμος@n-s---ma- ἀδικέω@v-sppamn- οἶδα@v3srma--- καί@c-------- ὁ@l-s---ng- ζάω@v--pna--- ἀποστερέω@v-sapamn- καί@d-------- λυπη@n-p---na- πρότερος@a-s---mdc τρόπος@n-s---md- πέρσης@n-p---mg- δέ@d-------- ῥωμαῖος@n-p---mn- πολύς@a-p---nd- τε@d-------- ἄλλος@p-p---nd- βελτίων@a-p---mnc καί@c-------- ὁ@l-s---md- τελευτή@n-s---fg- τρόπος@n-s---ma- εὑρίσκω@v--ana--- ταχύς@a-s---ma- οὐ@d-------- ἐπί@r-------- πολύς@a-s---ma- ἐκτείνω@v-sppema- χρόνος@n-s---ma- σύ@p-s---mn- δέ@g-------- πληγή@n-p---fd- ἀνά@r-------- λούω@v-sapamn- εἰμί@p-p---ng- οὐ@d-------- ἀποκτείνω@v2saia--- ξίφος@n-s---nd- καθαρός@a-s---mn- ἵημι@v--pna--- λέγω@v2spia--- καί@d-------- τις@p-s---mn- ἀνέχω@v3sfim--- ἀδικέω@v3piia--- γάρ@d-------- φημί@v3spia--- ὁ@l-p---mn- κάπηλος@n-p---mn- περί@r-------- ὁ@l-p---na- μέτρον@n-p---na- ὁ@l-p---ma- πίνω@v-pppama- ἀδικέω@v-pppemn- γε@d-------- ὦ@i-------- βασιλεύς@n-s---mv- παρά@r-------- ὁ@l-p---mg- πίνω@v-pppamg- καί@d-------- αὐτός@p-p---mn- οὐ@d-------- πᾶς@a-p---mg- μέν@d-------- οὐ@d-------- ὀλίγος@a-p---mg- δέ@c-------- εἰ@c-------- μέν@d-------- οὖν@d-------- ἀδικέω@v3piia--- οὐ@d-------- ἀδικέω@v-pppemn- δίκη@n-s---fg- ἄξιος@a-p---mn- εἰ@c-------- δέ@d-------- ὑπό@r-------- ὁ@l-s---ng- πάσχω@v--pna--- κακός@d-------- ποιέω@v3piia--- τις@p-s---mn- οὐ@d-------- ἄν@d-------- συγγιγνώσκω@v3spoa--- οὐ@d-------- γάρ@d-------- βούλομαι@v-pppemg- οὗτος@p-s---nn- εἰμί@v3siia--- ἀλλά@c-------- ’@c-------- ἀναγκάζω@v-pppemg- ὅς@p-p---md- δέ@d-------- εἰμί@v3spia--- καταφυγή@n-s---fn- καί@c-------- ὁ@l-s---nn- παραιτέομαι@n-s---nn- εἰμί@v-sppema- οὐ@d-------- φονευτέος@a-s---nn-"
"Orat. 46_11","τίς@p-s---na- οὖν@d-------- ἀδικέω@v3ppie--- βούλομαι@v2spie--- μανθάνω@v--ana--- ὦ@i-------- βασιλεύς@n-s---mv- πολύς@a-p---fn- μέν@d-------- εἰ@n-p---fn- ἀρχή@n-p---fn- ἐν@d-------- δέ@d-------- κατά@r-------- ’@r-------- ἕκαστος@a-s---fa- φάλαγξ@n-s---fn- καί@c-------- οὗτος@p-p---ng- αὖ@d-------- κατά@r-------- ἕκαστος@a-s---fa- κῆρυξ@n-p---mn- ἡμεροδρόμος@a-p---mn- βασανιστής@n-p---mn- ἐν@d-------- δέ@c-------- καί@d-------- ἄλλος@a-p---na- ἄττα@a-p---na- ἔργον@n-p---na- ποιέω@v-sppama- προσηγορία@n-s---fg- οὗτος@p-p---mn- δή@d-------- πλῆθος@n-s---na- εἰμί@v-pppamn- εἰσπίπτω@v-pppamn- εἰς@r-------- ὁ@l-p---na- καπηλεῖον@n-p---na- πολλάκις@d-------- ἕκαστος@a-s---fg- ἡμέρα@n-s---fg- πίνω@v3ppia--- ὅσος@a-s---na- ἄν@d-------- μέθη@n-s---fa- ποιέω@v3saoa--- οὐ@d-------- οἶνος@n-s---ma- μόνος@d-------- ἀλλά@c-------- καί@d-------- ὅς@p-p---nn- οὗτος@p-s---md- ἐν@r-------- μῖξις@v3sfia--- ἀριθμέω@v3spia--- δέ@d-------- οὐδείς@p-s---mn- ὁ@l-p---na- ἔκπωμα@n-p---na- οὐ@d-------- ἀνήρ@n-s---mn- οὐ@d-------- γυνή@n-s---fn- οὐ@d-------- υἱός@n-s---mn- οὐ@d-------- θυγάτηρ@n-s---fn- ἀλλά@c-------- ’@c-------- ἤ1@c-------- δεῖ@v3spia--- σιγάω@v--pna--- ἤ1@c-------- ἀπόλλυμι@v--rna--- ὁ@l-p---md- γάρ@d-------- ἑαυτοῦ@p-p---mg- χράω@v--pna--- -@m-s---fn- αι@v--pne--- λέγω3@v3ppia--- καί@c-------- εἰμί@v--pna--- δεσπότης@n-p---mn- ὁ@l-p---mg- τε@d-------- πίθος@n-p---mg- ὅμοιος@d-------- καί@c-------- ὅς@p-p---mg- εἰμί@v3ppia--- ὁ@l-p---mn- πίθος@n-p---mn-"
"Orat. 46_12","ὁ@l-p---mn- μέν@d-------- οὖν@d-------- ἐπιεικής@a-p---mnc ὁ@l-s---na- ἔκπωμα@n-s---na- κατατίθημι@v-papamn- καί@c-------- προλέγω@v-papamn- οἶνος@n-s---ma- ἀμείνων@a-s---mac περισκοπέω@v--pna--- ἀπέρχομαι@v3paia--- ὁ@l-p---mn- δέ@c-------- αὐτός@p-p---md- ἔκπωμα@n-p---nd- ὀβολός@n-s---mn- δέ@g-------- οὐ@g-------- δέ@g-------- παρά@r-------- ἕτερος@a-p---mg- ἀλλά@c-------- ὁ@l-s---mn- μέν@g-------- κάπηλος@n-s---mn- ὠνέομαι@v3spie--- ὁ@p-p---mn- δ@g-------- ’@g-------- ἐμπίπλημι@v3ppie--- δίδωμι@v-papamn- οὐδείς@a-s---na- εἶτα@d-------- ὁ@l-p---mn- μέν@d-------- ἀπέρχομαι@v3paia--- ὁ@l-p---mn- δέ@c-------- ἔρχομαι@v3paia--- δεῖ@v3spia--- δέ@g-------- προκρίνω@v--rne--- ὁ@l-p---mg- δίδωμι@v-pppamg- ὁ@l-s---ma- ὁ@l-p---mg- προίξ@n-s---fa- πίνω@v-pppamg- φόβος@n-s---ma- βαλαντίον@a-s---mg- δέ@d-------- οὐ@d-------- μένω@v-sppemg- πολύς@a-s---nn- ὁ@l-s---nn- πίνω@v-sppenn- πίνω@v3spia--- δέ@d-------- οὐ@d-------- αὐτός@a-s---mn- τις@p-s---mn- μόνος@a-s---mn- ἀλλά@c-------- καί@d-------- ὅς@p-s---ma- εἰσάγω@v3spia--- νῦν@d-------- μέν@d-------- συγγενής@a-s---ma- νῦν@d-------- δέ@d-------- συνήθης@a-s---ma-"
"Orat. 46_13","οὗτος@p-p---ma- ἀρίθμειος@v2spma--- βασιλεύς@n-s---mv- ὁ@l-p---ma- ὑπό@r-------- ὁ@l-s---nd- ὁ@l-s---na- ἔθνος@n-s---na- ἄγω@v-sppamd- ὁ@l-p---ma- ὑπό@r-------- ὁ@l-s---nd- πλείων@a-s---mac ι@n-s---fv- ὁ@l-p---ma- ὑπό@r-------- ὁ@l-s---md- στρατηγός@n-s---md- καί@c-------- μη@d-------- δέ@d-------- δύο@a-------- ἄρχω@v-dppamn- πίνω@a-------- παραλείπω@n-p---fd- ὅς@p-p---md- ἀγρός@n-p---mn- ὁ@l-p---na- ἐργαστήριον@n-p---nn- μικρός@a-s---ng- πᾶς@a-p---na- ἀπό@r-------- ὅς@p-p---ng- γάρ@d-------- ἕκαστος@a-p---mn- πωλέω@v3ppia--- λαμβάνω@v3ppia--- ὁ@l-s---md- λογιστής@n-s---md- προσγίγνομαι@v-sppemg- ὁ@l-s---mg- σύνδικος@a-s---mg- ὁ@l-s---ma- δέ@d-------- ἐγκάθημαι@v-sppema- λόχος@n-s---ma- τίς@p-s---na- οἴομαι@v2spia--- ἆρα@d-------- ἀγαπάω@v--pna--- ὁ@l-s---fd- παρά@r-------- σύ@p2s---cg- τροφή@n-s---fd- καί@d-------- τις@p-s---mn- οὐ@d-------- οἶδα@v3sria--- ὁ@l-s---fa- ἁρπαγή@n-s---fa- ὅς@p-s---fa- ὁ@l-s---mn- πωλέω@v-sppamn- ἐπέχω@v--ana--- μέν@d-------- οὐ@d-------- ἐπιχειρέω@v3spia--- μή@d-------- παροξύνω@v2spie--- δέω@v3spie--- δέ@c-------- ἐλάσσων@a-s---fac γίγνομαι@v--anm--- οὗτος@a-p---mn- δέ@d-------- ὁ@l-p---mn- στρατιώτης@n-p---mn- πᾶς@a-p---na- ἁπλῶς@d-------- ἐπέρχομαι@v3ppie--- πανταχόθεν@d-------- ἕλκω@v-sppann- τε@n-p---mn- καί@d-------- εἰ@c-------- μή@d-------- κρέας@n-s---na- ἤ@c-------- τις@p-s---na- ὁ@l-p---ng- τοιοῦτος@p-p---ng- ἐν@v3spia--- φέρω@v-pppamn- ἀργύριον@n-s---na-"
"Orat. 46_14","ἀγείρω@v3ppia--- δέ@d-------- οὐ@d-------- ὁ@l-p---mn- μάχιμος@a-p---mn- μόνος@d-------- ἀλλά@c-------- καί@d-------- ὅς@p-p---md- ὁ@l-s---mn- βίος@n-s---mn- ἐν@r-------- ἐκεῖνος@p-p---md- γελωτοποιέω@v--pna--- ἀρκέω@v3spia--- δέ@d-------- εἰς@r-------- ὁ@l-s---na- ποιέω@v--pna--- ὁ@l-p---na- ὁ@l-p---mg- ταλαίπωρος@a-p---ng- ἐλάσσων@a-p---nac καί@d-------- λέων@n-s---mn- τιθασός@v-sppafn- καί@d-------- ἄρκτος@n-s---fn- καί@c-------- πάρδαλις@n-s---mn- καί@c-------- κύων@n-s---mn- μέγεθος@n-s---nd- διαφέρω@v-sppamn- ἤδη@d-------- δέ@c-------- καί@d-------- πίθηκος@n-s---mn- καί@d-------- ὁ@l-s---mn- μέν@d-------- αὐλέω@v-sapamn- εἰσπράσσω@v3saia--- ὁ@l-s---mn- δέ@d-------- μετά@r-------- σῦριγξ@n-s---fg- ἔρχομαι@v-sppemn- ὁ@l-s---mn- δέ@d-------- πάνα@n-s---mn- ποιέω@v-sapamn- ἑαυτοῦ@p-s---ma- ὁ@l-s---mn- δέ@d-------- σειληνός@n-s---ma- βάκχη@n-s---ma- δέ@c-------- ἕτερος@a-s---mn- ἄν@c-------- δέ@d-------- καί@d-------- μηδείς@p-s---nn- εἰμί@v3spsa--- οὗτος@p-p---ng- ὁ@l-s---na- κέρας@n-s---na- ἀπόχράω2@v3saia--- ὅς@p-s---nd- ὁ@l-s---nn- χεῖλος@n-s---nn- ἄργυρος@n-s---md- κοσμέω@v3srie---"
"Orat. 46_15","ὁ@l-s---na- δέ@d-------- ἐν@r-------- μέγας@a-s---fdc ὁ@l-s---fd- ὁ@l-s---fg- δόσις@n-s---fg- ἀνάγκη@n-s---fd- ὁ@l-s---mn- πεύθῃ@n-s---mn- καί@c-------- ὁ@l-p---nn- οὗτος@p-s---mg- καί@d-------- οὖς@n-p---na- καί@c-------- ὄμμα@n-p---na- καί@d-------- ὁ@l-s---md- λίαν@d-------- ἀναμάρτητος@a-s---md- πᾶς@a-p---nn- ἁμαρτάνω@v3srie--- οὗτος@p-s---mg- βούλομαι@v-sppemg- ι@n-s---mn- καί@c-------- ἄν@c-------- εἰμί@v3spsa--- μέτριος@a-s---mn- ὑβριστής@n-s---mn- εἰμί@v3spia--- λύω@v--ana--- δέ@d-------- ὁ@l-p---fa- αἰτία@n-p---fa- καί@d-------- ἄν@c-------- εἰμί@v3spsa--- ῥᾴδιος@a-s---nn- εἶπον@v--ana--- οὐ@d-------- εἰμί@v3spia--- ὁ@l-p---mn- δέ@d-------- ἐν@r-------- συβαρίτης@a-s---fd- μέν@d-------- τράπεζα@n-s---fd- δέχομαι@v--pne--- ὁ@l-p---ma- τηδέιος@a-p---ma- ἐθέλω@v-pppamn- ἀναλίσκω@v--pna--- δέ@c-------- οὐ@d-------- βούλομαι@v-pppemn- ὁ@l-p---nd- ὁ@l-p---ng- ἄλλος@p-p---ng- κακός@a-p---nd- ἑστιάτωρ@n-p---mn- εἰμί@v3ppia--- εἶτα@d-------- ὁ@l-p---mn- μέν@d-------- ἀραρίσκω@d-------- ἵστημι@v3ppia--- ὁ@l-p---mn- δέ@c-------- ἐπανέρχομαι@v3ppie--- οἴκαδε@d-------- ὁ@l-p---fd- γυνή@n-p---fd- ὁ@l-p---fa- μάχαιρα@n-p---fa- φέρω@v-pppamn- καί@c-------- ὁ@l-s---ma- περί@r-------- ὁ@l-s---mg- φόβος@n-s---mg- ὁ@l-s---mg- πᾶς@a-s---ma- βιάζω@v-sppemg- λόγος@n-s---ma-"
"Orat. 46_16","καί@d-------- δεῖ@v3siia--- μέν@d-------- ἐν@r-------- ὁ@l-s---nd- πεύθῃ@n-s---md- οὗτος@p-s---na- ἵστημι@v--rna--- νῦν@d-------- δέ@c-------- πᾶς@a-s---mn- ἀπό@r-------- ὅστις@a-s---ng- σχῆμα@n-s---ng- ὁ@l-p---ng- βασίλειον@n-p---ng- μετέχω@v-sppamn- καί@d-------- οὗτος@p-s---mn- ἀξιόω@v3spia--- ὁ@l-p---mg- αὐτός@a-p---ng- ἀπό@r-------- λαύω@v--ana--- τοσοῦτος@a-s---nd- μέτριος@a-p---mnc ὁ@l-p---mg- πεύθων@n-p---mg- εἰμί@v-pppamn- ὅσος@a-s---nd- φημί@v3ppia--- δίδωμι@v--fna--- εἰ@c-------- καί@d-------- ψευδής@a-p---fa- εἰ@n-p---fn- ὑπόσχεσις@n-p---fn- καί@d-------- ὑπέρ@r-------- οὗτος@p-p---ng- οἶδα@v1sria--- πολύς@a-p---na- τραῦμα@n-p---na- καί@c-------- δάκρυον@n-p---na- γίγνομαι@v-prpena- ὁ@l-s---mg- στενωπός@a-s---mg- οὗτος@p-p---na- ἐγώ@p1s---ma- διδάσκω@v-sppamg- ὁ@l-s---mg- ἐν@r-------- ὁ@l-s---nd- βοῦς@n-s---mg- λευτήριον@n-s---nd- πολύς@a-p---mn- γοῦν@d-------- λόγος@n-p---mn- ὁ@l-p---md- ὀδυρμός@n-p---md- ι@n-s---mg- ὁ@l-p---mg- παίω@v-pppemg- διακόπτω@v3paip--- τίς@a-s---na- οὖν@d-------- θαυμαστός@a-s---nn- εἰ@c-------- παρά@r-------- ὁ@l-p---fg- κλοπή@n-p---fg- ὁ@l-p---fg- τοιοῦτος@a-p---fg- πράσσω@v3paia--- τις@p-s---na- περί@r-------- ὁ@l-p---na- σταθμός@n-p---na- τοιοῦτος@a-s---na- οἷος@a-s---na- οὐ@d-------- ἄν@d-------- εἰ@c-------- μή@d-------- οὗτος@p-p---na- πάσχω@v3piia--- 17@x-------- ἀλλά@c-------- ἐνταῦθα@d-------- μέν@d-------- χλαμύς@n-p---fn- καί@c-------- ἀναξυρίδες@n-p---fn- καί@c-------- ὄνομα@n-s---nn- πολέμιος@a-p---mg- εἰ@c-------- καί@d-------- μή@d-------- κίνδυνος@n-p---mg- ἔρως@n-s---mn- ὁ@l-p---ng- δέ@c-------- κηφήν@n-p---fg- οὗτος@p-p---mg- τις@p-s---mn- ἄν@d-------- φέρω@v3saoa--- ὁ@l-p---fa- γαστήρ@n-p---fa- ὁ@l-p---mg- ἐν@r-------- ἀργία@n-s---fd- ὁ@l-s---fa- ἕτερος@a-p---mg- ταλαιπωρία@n-s---fa- ἐσθίω@v-pppamg- τις@a-p---ma- δή@d-------- λέγω3@v1spsa--- οὗτος@p-p---ma- ὅς@p-p---md- ἔργον@n-s---nn- ἐν@v-sppann- οὗτος@p-s---nn- ὁ@l-p---fa- ὁ@l-p---mg- κρά@n-s---fn- τήω@v-pppamg- λέγω3@v--pna--- ἐν@r-------- ὁ@l-p---nd- θέατρον@n-p---nd- εὐφημία@n-p---fa- ἐν@r-------- γάρ@d-------- δή@d-------- ὁ@l-p---nd- θέατρον@n-p---nd- ἔχω@v3ppia--- ὁ@l-s---fa- ἰσχύς@n-s---fa- δεσποτεία@n-s---fa- ὁ@l-p---ng- ἀγοραῖος@a-p---ng- ἔχω@v-pppamn- διά@r-------- ὁ@l-s---fa- ἐν@r-------- ὁ@l-p---fd- φωνή@n-p---fd- ἐξουσία@n-s---fa- καί@d-------- ὁ@l-s---na- ἔθνος@n-s---na- οὗτος@a-s---na- σκηπτός@v-sppamn- ἀφίημι@v3ppia--- κατά@r-------- ὅς@p-p---ng- ἄν@d-------- τίθημι@v3ppoa--- λείπω@v3ppoa--- καί@d-------- βοάω@v3paia--- καί@c-------- πείθω@v3paia--- ὁ@l-p---mn- δέ@c-------- εἰμί@v3ppia--- ἐν@r-------- κακός@a-p---nd- καί@c-------- ὁ@l-s---nn- κακός@d-------- ι@n-s---mg- ἐρῶ@v-sappnn- παύω@v3srie--- δεῖ@v3spia--- δή@d-------- προσ@d-------- κυνέω@v--pna--- οὗτος@p-p---ma- ἤ1@c-------- ἀπόλλυμι@v--rna---"
"Orat. 46_18","ὁ@l-s---nn- δέ@d-------- προσκυνέω@v--pna--- τίς@p-s---nn- εἰμί@v3spia--- αἰτέω@v--pna--- λαμβάνω@v--pna--- πάλιν@d-------- αἰτέω@v--pna--- πάλιν@d-------- λαμβάνω@v--pna--- ἤ1@d-------- πέμπω@v-pppama- ὁ@l-p---ma- οὗτος@p-s---na- ποιέω@v-pfpama- ἤ1@c-------- αὐτός@p-p---ma- πρόσειμι1@v-pppama- καί@d-------- ἄν@c-------- ἀπορία@n-s---fa- αἰτιάομαι@v3sasm--- τις@p-s---cn- ὅτι@c-------- μή@d-------- δανείζω@n-s---md- ίζω@v3spie--- λυπέω@v3spia--- ὁ@l-p---md- δέ@d-------- ἀνιάω@v-pappmd- οὗτος@p-p---md- ἐν@r-------- ὁ@l-p---nd- θέατρον@n-p---nd- ὁ@l-s---fn- τιμωρία@n-s---fn- ἐκεῖνος@p-p---nn- δέ@d-------- πολύς@a-p---md- ἀνοίγνυμι@v3spie--- καί@d-------- στρατός@n-p---na- τιμάω@n-p---mn- διαθέω@v3ppia--- σβέννυμι@v-pppamn- πῦρ@n-s---na- ξύλον@n-p---na- διαρριπτέω@v-pppamn- τε@v-pppamn- οὐδείς@p-s---na- ἐάω@v-pppamn- μένω@v--pna--- πᾶς@a-p---na- ἀνατρέπω@v-pppamn- τις@p-s---mn- ἄν@d-------- φέρω@v3saoa--- τετρακόσιοι@a-p---ma- λύκος@n-p---ma- πῶς@d-------- ἐν@v3spia--- βασιλεύς@n-s---mv- καί@d-------- οὗτος@p-p---nd- ὑπηρετέω@v--pna--- καί@c-------- ὁ@l-p---ng- ἄλλος@p-p---ng- μηδείς@n-s---na- παρακινέω@v--pna--- ὁ@l-s---mn- γάρ@d-------- ἀξιόω@v-sppamn- ἄμφω@a-d---ma- γίγνομαι@v--pne--- παραπλήσιος@a-s---na- ποιέω@v3spia--- ὁ@l-s---nd- τις@p-s---ma- στερέω@v--ana--- τε@d-------- ὁ@l-d---mg- πούς@n-d---mg- καί@c-------- κελεύω@v--pna--- βαδίζω@v--pna--- 19@x-------- ἀλλά@c-------- οὗτος@p-p---na- μέν@d-------- καί@d-------- ἄν@d-------- ἀρνέομαι@v3saom--- τις@p-s---mn- ἐκεῖνος@p-s---nn- δέ@d-------- οὐ@d-------- εἰμί@v3spia--- ὁ@l-p---ng- πρᾶγμα@n-p---ng- βοάω@v-pppang- ἀποδείκνυμι@v3saip--- καταγωγή@n-s---fn- ὁ@l-p---md- εἶμι@n-p---md- ἐπί@r-------- ἵππος@n-p---mg- ὁδός@n-s---fa- ἤ1@d-------- πολύς@a-s---fa- ἤ1@c-------- οὐ@d-------- πολύς@a-s---fa- ὁ@l-s---fd- δ@d-------- ’@d-------- οἴομαι@v1spie--- καταγωγή@n-s---fd- οὗτος@a-s---fd- δεῖ@v3spia--- κλίνη@n-p---fg- στόρεννυμι@v-pppemg- τράπεζα@n-p---mg- ὁ@l-p---ng- ἐπί@r-------- οὗτος@p-p---ng- ἔκπωμα@n-p---ng- ὀψοποιός@a-p---ng- ὁ@l-p---mg- ὑπολύω@v-pfpamg- ὁ@l-p---mg- ἀπονίζω@v-pfpamg- ὁ@l-p---mg- πόρνη@n-s---fg- ἄγω@v-pfpamg- ὁ@l-p---ng- ἰατρός@n-p---mg- εἰ@c-------- δεῖ@v3saoa--- πᾶς@a-p---na- δή@d-------- οὗτος@p-p---na- καί@d-------- ἔτι@d-------- πλείων@a-p---nac τις@p-p---mn- ὁ@l-p---mn- παρέχω@v-pppamn- οὗτος@p-p---mn- ὁ@l-p---mn- μαστιγόω@v-pppemn- καί@d-------- ἄν@c-------- συντρίβω@v3sasa--- οὗτος@p-p---mg- ἤ1@c-------- καί@d-------- τις@p-s---mn- ὑφίημι@v3saoa--- λωποδύτης@v3spie--- τις@p-s---na- ὁ@l-p---ma- αὐτός@p-p---ma- εἰμί@v--pna--- δεῖ@v3spia--- χορηγός@n-p---ma- καί@d-------- πολύς@a-p---mn- ὁ@l-p---mg- διάκονος@n-p---mg- ὀργή@n-s---fd- ὁ@l-p---mg- αὐτός@p-s---mg- καταλύω@v-papamg- ἄδικος@a-s---fd- περιπίπτω@v-papamn- ἀποθνήσκω@v3paia--- καί@c-------- δεῖ@v3siia--- χρῆμα@n-p---nd- πείθω@v-sapama- ὁ@l-p---ma- οὗτος@p-p---mg- γονεύς@n-p---ma- σώζω@v--rne--- οὗτος@a-s---fn- ὁ@l-s---fn- καταγωγή@n-s---fn- βασιλεύς@n-s---mv- κατά@r-------- ὁ@l-p---mg- κάπηλος@n-p---mg- ἐκτίνω@v3saip--- καί@c-------- ὅς@p-s---na- τις@a-s---na- ἄν@d-------- φέρω@v3sasa--- ι@n-s---md- ὁ@l-s---nn- καπηλεῖον@n-s---nn- οὗτος@p-s---ng- ὁ@l-s---nn- πλέος@a-s---nnc ἐκεῖσε@d-------- πορεύω@v3srie--- πρός@r-------- γάρ@d-------- αὖ@d-------- ὁ@l-p---md- ἄλλος@p-p---md- συλάω@v--rne--- φάσκω@v-pppamn- οὐδείς@p-s---na- τοιοῦτος@a-s---na- πάσχω@v-prpamn- διά@r-------- ὁ@l-p---mg- μισθωτός@n-p---mg- ἐπί@r-------- ὁ@l-p---ma- καπή@n-p---na- λος@a-p---ma- εἶμι@v-pppamn- σείω@v3ppia--- καιρός@n-s---mn- δή@d-------- ὁ@l-p---ng- γίγνομαι@v-pppeng- ἐν@r-------- ὁ@l-p---fd- ὁ@l-p---mg- στρατός@n-p---na- -@n-p---md- τηγός@n-p---mg- διαδοχή@n-p---fd- ἐνταῦθα@d-------- μιμνήσκω@v--anp--- βασιλεύς@n-s---mv- τις@p-s---cn- οὖν@d-------- ὁ@l-s---fn- ζημία@n-s---fn- κενός@a-p---fn- τράπεζα@n-p---fn- κενός@a-p---mn- πίθος@n-p---mn- ὁ@l-p---na- μέν@d-------- πωλέω@v3spia--- μέν@d-------- ὁ@l-s---mn- παύω@v-srpemn- ὅμοιος@a-s---fd- καί@c-------- αὐτός@p-s---mn- ἁρπαγή@n-s---fd- κτάομαι@v-sapmmn- κτάομαι@v3spie--- δέ@c-------- ὁ@l-s---mn- ὁ@l-s---fa- ἀρχή@n-s---fa- ἐκδείκνυμι@v-sapmmn- εἰς@r-------- ὁ@l-s---fa- ἡμέρα@n-s---fa- βλέπω@v-sppamn- ἐν@r-------- ὅς@p-s---fd- καί@d-------- αὐτός@a-s---mn- οὗτος@p-p---na- ἀποδίδωμι@v3sfim--- 21@x-------- οὗτος@p-p---nd- οὐ@d-------- ἄν@d-------- προστίθημι@v1saoa--- ὁ@l-s---fa- εἰς@r-------- ὁ@l-p---ma- ὅς@n-p---ma- ἐπικουρία@n-s---fa- μείς@n-s---mg- ἕκαστος@a-s---mg- γίγνομαι@v-sppefa- πολλάκις@d-------- καί@d-------- γάρ@d-------- εἰ@c-------- δαπάνη@n-s---fg- εἰμί@v3spia--- καί@d-------- οὗτος@p-s---nn- ἀλλά@c-------- ἑκούσιος@a-s---fg- τε@c-------- καί@c-------- φέρω@v-sppafg- ὁ@l-p---md- προίημι@v-pppemd- ἡδονή@n-s---fa- οὐ@d-------- γάρ@d-------- κατά@v3ppie--- ἔρομαι@v3ppie--- ὁ@l-p---md- ι@n-p---md- λαμβάνω@v-pppamd- ἀλλά@c-------- εὐφραίνω@v3ppie--- διά@r-------- δίδωμι@v-papamn- βλέπω@v-pppafd- ὡς@c-------- εἶπον@v--ana--- ὁ@l-p---fd- ἑαυτοῦ@p-p---mg- δεξιά@n-p---fd- εἰς@r-------- οὐ@d-------- βλέπω@v-pppafa- ὁ@l-p---fa- ἐκεῖνος@p-p---mg- καί@c-------- κατά@r-------- οὗτος@p-s---na- πλανάω@v-pppefa- οὗτος@p-p---na- μέν@d-------- οὖν@d-------- οὐ@d-------- λογίζομαι@v1spie--- οὐ@d-------- δέ@c-------- γάρ@d-------- ἐκεῖνος@p-p---mn- ποτέ@d-------- νέος@a-p---ma- δέ@d-------- ἀντί@r-------- γέρων@n-p---mg- κίων@n-p---ma- τις@p-s---mn- οὐ@d-------- οἶδα@v3sria--- μετά@r-------- βλάβη@n-s---fg- ὁ@l-s---fg- οὗτος@p-p---mg- ἀντίκαθίστημι@v-pppema- ἤ1@c-------- βαρύς@a-p---fdc ἕλξις@n-p---fd- ἄμφω@a-d---mn- γάρ@d-------- ἐκεῖνος@p-p---mg- καί@c-------- ἤ1@c-------- μεταφέρω@v--pna--- ἑαυτοῦ@p-p---ma- ἀπό@r-------- ὁ@l-p---fg- τέχνη@n-p---fg- ἐκεῖσε@d-------- δεῖ@v3spia--- ἤ1@c-------- οὗτος@p-p---ng- ἔχω@v-pppema- μισθός@n-s---md- πράσσω@v--pna--- ἐκεῖνος@p-s---na- καί@d-------- οὗτος@p-s---ng- πολύς@a-s---na- χαλεπός@a-s---nac ὁ@l-p---mn- ὀχετός@a-p---mn- ὁ@l-s---na- πλάτος@n-s---na- ι@n-------- ἑαυτοῦ@p-p---mg- κομίζω@v-pppemn- διά@r-------- ἐκεῖνος@p-p---mg- ὅς@p-p---mg- οὐ@d-------- ὀλίγος@a-p---mn- ζάω@v-pppamn- καταβαίνω@v-pppamn- ἀνιμάω@v3ppie--- νεκρός@a-p---mn- καί@c-------- προσήκω@v3spia--- ὁ@l-s---ma- οὐ@d-------- ἀπόλλυμι@v-sapmma- ἐν@r-------- ἕτερος@a-s---mg- κινδυνεύει@n-s---fd- νεύω@v--pna--- σῶμα@n-s---nd- μισθός@n-s---mg- πάλιν@d-------- σῶμα@n-s---nd- 22@x-------- λέγω@v1spia--- τοίνυν@d-------- καί@d-------- ὁ@l-s---na- ὁ@l-p---na- ἄλλος@p-p---na- πᾶς@a-p---na- νικάω@v-srpann- οὗτος@p-s---nn- δέ@d-------- εἰμί@v3spia--- ὁ@l-s---mn- ἀφόρητος@a-s---mn- φόρος@n-s---mn- ἄργυρος@n-s---mn- καί@c-------- χρυσός@n-s---mn- τρέμω@v--pna--- πρόσειμι1@v-pppafa- ποιέω@v-sppamn- ὁ@l-p---fa- δεινός@a-p---fa- πεντετηρίς@n-p---fa- ὄνομα@n-s---nn- μέν@d-------- γάρ@d-------- εὐπρεπής@a-s---nn- ἀπό@r-------- ὁ@l-p---mg- ἔμπορος@a-p---mg- ὁ@l-s---md- πόρος@n-s---md- οὗτος@a-s---md- ὁ@l-s---fd- θάλασσα@n-s---fd- δέ@c-------- ἐκεῖνος@p-p---mg- εἰς@r-------- διάδυσις@n-s---fa- χράομαι@v-pppemg- ὅς@p-p---md- μόλις@d-------- ἄρτος@n-s---ma- προσφέρω@v3ppia--- εἰ@n-p---fn- χείρ@n-p---fn- ἀπόλ@a-s---fn- λύω@v3srie--- διαφεύγω@v3spia--- δέ@d-------- οὐ@d-------- δέ@c-------- ὁ@l-s---mn- νευρορράφος@n-s---mn- ὅς@p-p---ma- ἐγώ@p1s---cn- πολλάκις@d-------- εἶδον@v1saia--- ὁ@l-s---fa- σμίλη@n-s---fa- εἰς@r-------- οὐρανός@n-s---ma- αἴρω@v-pppama- ὄμνυμι@n-s---fa- ὁ@v-pppama- ἐν@r-------- αὐτός@p-s---fd- ὁ@l-p---na- πᾶς@a-p---na- εἰμί@v--pna--- σφεῖς@p-p---md- οὐ@d-------- μήν@d-------- οὗτος@p-s---nn- γε@d-------- αὐτός@p-p---ma- ἀπαλλάσσω@v3spia--- ὁ@l-p---mg- ἐπίκειμαι@v-prpemg- καί@c-------- ὑλακτέω@v-pppamg- ὁ@p-p---mg- καί@d-------- μόνος@a-s---na- οὐ@d-------- δάκνω@v-pppamg- 23@x-------- οὗτος@a-s---mn- ὁ@l-s---mn- καιρός@n-s---mn- ὦ@i-------- βασιλεύς@n-s---mv- πλείων@a-s---fac ὁ@l-s---fa- δουλεία@n-s---fa- καθίστημι@v3spia--- ἐκβάλλω@v-sppamn- ἐλευθερία@n-s---fg- ὁ@l-p---ma- ὑπό@r-------- ὁ@l-p---mg- γονεύς@n-p---mg- πωλέω@v-pppema- οὐ@d-------- ἵνα@c-------- αὐτός@p-p---md- δέχομαι@v3sasm--- ὁ@l-s---fa- τιμή@n-s---fa- ὁ@l-s---nn- κιβώτιον@n-s---nn- ἀλλά@c-------- ἵνα@c-------- αὐτός@p-s---fa- εἶδον@v3pasa--- εἰς@r-------- ὁ@l-s---fa- ὁ@l-s---mg- γουσι@v-sppamg- δεξιός@n-s---fa- ἔρχομαι@v-sppefa- καί@d-------- μηδείς@p-s---mn- ὑπολαμβάνω@v3spma--- ἐγώ@p1s---ma- λέγω3@v--pna--- ὡς@c-------- οὐ@d-------- χρή@v3siia--- γε@d-------- λαμβάνω@v--pna--- ὁ@l-s---mg- πόλεμος@n-s---mg- δέω@v-sppemg- χρῆμα@n-p---ng- ἀπό@r-------- ὅς@p-p---ng- ἐν@v3spia--- καί@d-------- κρατέω@v--pna--- πολέμιος@n-p---mg- καί@c-------- σώζω@v--pna--- ὁ@l-p---ma- ὑπήκους@a-p---ma- ἀλλά@c-------- ὅτι@c-------- ὁ@l-p---md- οὗτος@p-p---na- φέρω@v-pppamd- ἀνάγκη@n-s---fn- σκοπέω@v--pna--- ὅθεν@d-------- ἄν@d-------- καί@d-------- φέρω@v3ppoa--- καί@d-------- ὁ@l-s---ma- εἰσπράσσω@n-s---ma- τεων@n-s---ma- προσήκω@v3spia--- καί@d-------- παροράω@v--pna--- τις@p-s---na- δύναμαι@v--pne--- ποιέω@v-sppama- ὁ@l-p---ma- πιέζω@v-pppema- ι@n-------- φέρω@v--pna--- ὡς@d-------- ὁ@l-s---mn- στρέφω@v-sppamn- καί@c-------- βασανίζω@v-sppamn- ὁ@l-p---na- μέτρον@n-p---na- κατά@r-------- ὁ@l-s---mg- φόρος@n-s---mg- οὗτος@p-s---na- ποιέω@v3spia--- δεῖ@v3spia--- δέ@d-------- ὦ@i-------- βασιλεύς@n-s---mv- μή@d-------- λίαν@d-------- ὁ@l-p---mg- λίαν@d-------- πεινάω@v-pppamg- ἐπί@r-------- μέλω@v--pne--- πλείων@a-p---nac ὁ@l-p---ng- νεῦρον@n-p---ng- ὁ@l-s---mg- πόλεμος@n-s---mg- ποιέω@v1ppie--- νον@n-s---ma- πρόνοια@n-s---fa-"
"Orat. 46_24","ἐνταῦθα@d-------- μέν@d-------- οὖν@d-------- εἰμί@v-sppafg- τοιοῦτος@a-s---fg- ἀμοιβή@n-s---fg- οὐδείς@p-s---na- μεταστατέος@a-s---nn- ὁ@l-p---fa- δέ@d-------- ἄλλος@a-p---fa- βλάβη@n-p---fa- οὐ@d-------- περιοπτέον@a-s---nn- ὅς@p-p---fg- ὁ@l-s---fa- ἐρῶ@v-sfppfa- ἄδικος@a-s---fas εὑρίσκω@v2sfia--- ποῦ@d-------- γάρ@d-------- δίκαιος@a-s---nn- ὁ@l-p---ma- ἄρχων@v-pppama- ἥμισυς@a-s---na- τίθημι@v-papama- ὁ@l-s---fg- τιμή@n-s---fg- ἑστιάω@v--pne--- καί@c-------- ὁ@l-s---ma- πλουτέω@v-sppama- ὁ@l-p---na- ὁ@l-s---mg- πλουτέω@v-sppemg- λαμβάνω@v--pna--- καί@c-------- εἰμί@p-p---ng- τάσσω@v3saip--- ποιέω@v--pna--- εὐδαίμων@a-s---nac οὗτος@p-s---ma- ποιέω@v--pna--- ἄθλιος@a-s---nac καί@c-------- ὁ@l-p---na- παρά@r-------- σύ@p-s---mg- τρέπω@v--pna--- εἰς@r-------- ὁ@l-s---fa- οὐσία@n-s---fa- ἐσθίω@v--pna--- δέ@c-------- ὁ@l-p---fa- ὁ@l-p---ng- ἀγοραῖος@a-p---mg- σάρξ@n-p---fa- καί@c-------- καθεύδω@v--pna--- μετά@r-------- τοιοῦτος@p-s---ma- δεῖπνον@n-s---ma- καί@c-------- φίλος@n-p---ma- καλέω@v--pna--- ἐπί@r-------- ὁ@l-p---na- ἀλλότριος@a-p---na-"
"Orat. 46_25","εἶτα@d-------- τοσοῦτος@a-s---fd- λῃστεία@n-s---fd- καί@c-------- κακός@a-p---md- ὑπηρεσία@n-s---fa- ὄνομα@n-s---na- μετατίθημι@v3paim--- ὡς@c-------- οὗτος@p-s---fd- ὁ@l-p---md- βλάπτω@v-pppemd- -@a-p---md- μένω@v-pppemd- ι@n-------- ἀφαιρέω@v-pfpamn- τις@p-s---na- ὁ@l-s---fg- βλάβη@n-s---fg- ὥσπερ@c-------- ἄν@d-------- εἰ@c-------- τις@p-s---cn- ὁ@l-s---fa- μοιχεία@n-s---fa- φιλία@n-s---fa- προσαγορεύω@v3spoa--- καί@d-------- περί@r-------- ὁ@p-s---ng- ὁ@l-p---ng- ὁ@l-p---ng- λῆμμα@n-p---ng- πυνθάνομαι@v-pppemn- ὁ@l-p---mg- μάγειρος@n-p---mg- οὐ@d-------- καταδύω@v3ppie--- ὅς@p-p---na- κερδαίνω@v--pna--- εἰ@c-------- βούλομαι@v-sppema- ἰδιώτης@n-s---ma- γράφω@v-sapmmn- τις@p-s---mn- ἐπιδείκνυμι@v3saia--- οἷος@a-p---fa- ἄν@d-------- ὁ@l-s---mn- δικάζω@v-sppamn- ἀφίημι@v3saia--- φωνή@n-p---fa- τυραννίς@n-s---fa- ὁ@l-s---na- πρᾶγμα@n-s---na- καλός@v-sppamn- ἀλλά@d-------- ὅμως@d-------- ὅς@a-s---fa- τιμωρία@n-s---fa- λαμβάνω@v1siia--- ἄν@d-------- οὗτος@p-p---na- τολμάω@v-pppamn- ἀδικέω@v--pna--- σω@v1sfia--- φροντίζω@v--pna--- ἕτερος@a-p---ma- φημί@v3ppia--- τίς@p-p---na- οὖν@d-------- ἐκ@r-------- πᾶς@a-p---ng- ἐγώ@p1s---md- ὁ@l-p---ng- ἐρῶ@v-prpeng- ὦ@i-------- βασιλεύς@n-s---mv- δείκνυμι@v3spie--- ὅτι@d-------- χρή@v3siia--- οὗτος@p-s---ma- ὁ@l-s---ma- γενναῖος@a-s---ma- ὁ@l-s---ma- πολλάκις@d-------- δή@d-------- θεάομαι@v-srpema- ὁ@l-s---ma- θύμβρις@n-s---fa- καί@c-------- ὁ@l-p---mg- ἐν@r-------- ώμη@n-s---fd- ι@n-------- πίνω@v-sapama- πηγή@n-p---mg- μή@d-------- πρότερος@a-s---na- ἅπτω@v--anm--- ὁ@l-p---mg- r@n-------- εἰμί@n-------- 481@n-------- μέτρον@n-p---mg- πρίν@c-------- ἤ@c-------- ῥύομαι@v--anm--- ὁ@l-s---fg- καταδρομή@n-s---fg- ὁ@l-p---ma- καπή@n-p---ma- λος@n-p---ma- ὅς@p-p---ma- δεῖ@v3siia--- καλέω@v-sapama- μανθάνω@v--pna--- ὀδύρομαι@v-pppemg- ὁ@l-p---fa- εἰσβολή@n-p---fa- οὐ@d-------- ἐπί@r-------- ὁ@l-p---fa- ἄμπελος@n-p---fa- ὁ@l-s---na- ὁ@l-p---mg- λακεδαιμόνιος@n-p---mg- ἀλλά@c-------- ’@c-------- ἐπί@r-------- αὐτός@a-s---ma- ὁ@l-s---ma- οἶνος@n-s---ma- καί@c-------- ὁ@l-p---ma- πίθος@n-p---ma- νῦν@d-------- δ@d-------- ’@d-------- ὅς@p-s---nn- μέν@d-------- εἰμί@v3siia--- δίκαιος@a-s---nn- ὁ@l-s---nn- παύω@v--ana--- ὁ@l-p---fa- βλάβη@n-p---fa- ἔπειτα@d-------- εὐθύνω@v--pna--- ὁ@l-p---ma- κάπηλος@n-p---ma- ἐάω@v3saia--- ἀφίημι@v-sapamn- δέ@c-------- ὁ@l-s---na- πρότερος@a-s---na- ἥκω@v3siia--- ἐπί@r-------- ὁ@l-s---na- δεύτερος@a-s---na-"
"Orat. 46_27","πρᾶγμα@n-s---na- ῥᾴδιος@a-s---nn- εἶπον@v--ana--- τύπτω@v2spma--- καί@c-------- ποιέω@v3spma--- ὁ@l-s---na- αὐτός@p-s---na- ἕτερος@a-s---mn- καί@d-------- τρίτος@a-s---mn- καί@d-------- τέταρτος@a-s---mn- καί@c-------- πέμπτος@a-s---mn- καί@c-------- ποιέω@v--ana--- ὁ@l-s---na- κακός@a-s---na- βραχίων@a-p---fg- πεντεκαίδεκα@m-------- χρή@v3siia--- δέ@d-------- ἐκτίθημι@v--ana--- γράμμα@n-p---na- καί@c-------- προεῖπον@v--ana--- οὗτος@p-p---na- μή@d-------- ποιέω@v--pna--- αὐτός@p-p---ma- ὅς@p-p---na- νῦν@d-------- ποιέω@v3ppia--- ἔπειτα@c-------- ἡμέρα@n-p---fd- τις@a-p---fd- ὕστερος@d-------c πάλιν@d-------- καλέω@v--ana--- ὁ@l-p---ma- πε@v-prpema- πορθέω@v-prpema- καί@c-------- μανθάνω@v--ana--- ὅστις@p-s---mn- αὐτός@p-p---md- ὁ@l-s---mn- μετά@r-------- ὁ@l-p---na- ματα@n-p---na- χρόνος@n-s---mn- καί@c-------- εἰ@c-------- τις@p-s---nn- ὁ@l-p---ng- τολμάω@v-pppeng- ἐπανορθόω@v3srie--- καί@c-------- οὕτως@d-------- ἀπαιτέω@v--pna--- ἀκριβής@a-p---ma- ὁ@l-p---ma- κανών@n-p---ma- καί@c-------- νομίζω@v--pna--- πονηρός@a-p---ma- εἰ@c-------- μηκέτι@d-------- πάσχω@v-pppamn- ι@n-s---ma- κακός@d-------- ποιέω@v3ppoa---"
"Orat. 46_28","σύ@p-s---mn- δέ@d-------- ἀφίημι@v-sapamn- ἀδικέω@v--pna--- ἀσφαλής@d-------- ὁ@l-p---md- καταφρονέω@v-pppamd- ὁ@l-p---mg- νόμος@n-p---mg- ὁ@l-p---ma- ὁ@l-p---na- δίκαιος@a-p---na- τιμάω@v--pna--- οὐ@d-------- ἐάω@v-pppema- γεις@n-s---nd- ὁ@l-s---fd- δίκη@n-s---fd- καί@c-------- ὁ@l-s---fd- φύσις@n-s---fd- προστίθημι@v2spia--- ὁ@l-p---na- ὁ@l-s---fg- ἀνάγκη@n-s---fg- καί@c-------- ὁ@l-s---fg- αὐτός@a-s---fg- ἡμέρα@n-s---fg- ὅς@l-p---fn- τε@d-------- πληγή@n-p---fn- ὁ@l-p---nn- τε@c-------- ὁ@l-p---mg- πίνω@n-s---ma- ὁ@l-p---mg- ἀδίκημα@n-p---nn- ἐν@r-------- ὄις@n-p---md- εἰμί@v3piia--- ὁ@l-p---mn- μαστιγόω@v-prpamn- ἐπί@r-------- ’@r-------- ὁμοῖος@a-p---fa- εἰσέρχομαι@v-papamn- κύλιξ@n-p---fa- καί@d-------- ὁ@l-p---fg- μέν@d-------- ὁ@l-p---fn- γυνή@n-p---fn- θρηνέω@v3piia--- ὁ@l-p---mn- δέ@d-------- ἐγχύνω@v--pna--- πάλιν@d-------- κελεύω@v3piia--- οὕτως@d-------- ὁ@l-p---fn- πλή@x-------- γῆ@d-------- σύ@p2s---cd- λόγος@n-s---ma- οὐ@d-------- ἔχω@v3piia--- οὐ@d-------- δέ@d-------- γάρ@d-------- βοηθέω@v-srpamn- οὐ@d-------- δέ@c-------- ποιέω@v-srpamn- ἀμείνων@a-p---mnc εἰκότως@d-------- ἀγανακτέω@v2siia--- 29@x-------- ἀλλά@c-------- ὁ@l-p---fn- μάστιξ@n-p---fn- σύ@p2s----d- προοίμιον@a-s---nn- κατηγορέω@v-sppamn- γάρ@d-------- φημί@v3spia--- ι@n-s---ma- ἀπολογέομαι@v3siie--- καί@c-------- ὁ@l-s---na- ὁ@l-p---fa- βοή@n-p---fa- ποιέω@v-srpana- ἀπαιτέω@v-sppemn- εἶπον@v3saia--- ὁ@l-p---mg- βοάω@v-papamg- ὁ@l-s---ma- τρόπος@n-s---ma- εἰμί@v--pna--- γάρ@d-------- ἐν@r-------- αὐτός@p-p---md- στασιαστής@n-p---ma- ὅς@p-p---mn- καί@d-------- ὁ@l-p---ma- σωφρονέω@v--pna--- ἐπίσταμαι@v-pppema- ἐπί@r-------- σπάω@v3ppie--- καί@d-------- τίς@p-s---na- δεινός@a-s---nn- εἶπον@v--ana--- περί@r-------- ὁ@l-p---mg- οὗτος@a-p---fa- ἐπεισάγω@v-pppamg- ὁ@l-p---fa- ταραχή@n-p---fa- σύ@p-s---fn- μέν@g-------- ἐρωτάω@v2saia--- πόθεν@d-------- ὁ@l-s---fn- στάσις@n-s---fn- ὁ@p-p---mn- δέ@g-------- ἀπό@r-------- ὁ@l-p---mg- στάσις@n-s---fd- χαίρω@v-pppamg- ἀπό@r-------- κρίνω@v3paim--- καί@d-------- γάρ@d-------- εἰ@c-------- τις@p-s---ma- ὅπως@c-------- ἁλίσκομαι@v3saia--- ὁ@l-s---nn- ἴλιος@n-s---nn- ἐρωτάω@v2siia--- ἀκούω@v2siia--- ἄν@d-------- ὁ@l-p---fa- ὁ@l-p---mg- ἐπιστρατεύω@v-papamg- ἀρετή@n-p---fa- καί@c-------- πῶς@d-------- εὐδοκιμέω@v3saia--- ὁ@l-s---fn- σπάρτη@n-s---fn- ὁ@l-p---ma- νόμος@n-p---ma- καί@c-------- ὁ@l-s---ma- λυκοῦργος@n-s---ma- ἀκούω@v2siia--- ἄν@d-------- καί@c-------- ὁ@l-s---na- ξέρξης@n-s---ma- ἀγαπάω@v--pna--- εἰ@c-------- σώζω@v3saop--- ὁ@l-p---ma- ἀθήναιος@n-p---ma- ἄν@d-------- καί@c-------- ὁ@l-s---na- οὗτος@p-p---mg- ναυτικόν@n-s---na- περί@r-------- λέσβος@n-s---fg- δέ@d-------- εἰ@c-------- τις@p-s---mn- λέγω3@v3siia--- ι@n-s---fn- ὅς@n-s---fd- καί@c-------- ὁ@l-s---fn- παροιμία@n-s---fn- τύπτω@v--pne--- χρή@v3spia--- περί@r-------- σίφνος@n-s---mg- δέ@d-------- ῥάβδος@n-p---fg- ἄν@d-------- δεῖ@v3siia--- καί@d-------- νῦν@d-------- ὁ@l-p---ma- κινέω@v-pappma- οὐ@d-------- εὔκοσμος@a-s---nn- καί@c-------- διαφθείρω@v2spma--- -@n-p---fn- ραρεν@v-papama- ὁ@l-s---ng- θέατρον@n-s---ng- ὁ@l-s---fa- χάρις@n-s---fa- οὐ@d-------- εἰμί@v3siia--- εὐλογέω@v--pna--- ὡς@d-------- ἐν@r-------- κόσμος@n-s---md- θεάομαι@v-prpema- οὐ@d-------- εἰμί@v3siia--- οὖν@d-------- οὗτος@p-s---mn- ὁ@l-s---mn- μή@d-------- πον@a-s---na- ὄνομα@n-s---na- τίθημι@v-sppemn- ἀλλά@c-------- ἀπό@r-------- ’@r-------- αὐτός@a-p---ng- οὗτος@a-s---nn- γίγνομαι@v3siie--- ὁ@l-p---ng- πρᾶγμα@n-p---ng- ἐγώ@p-s---mn- δέ@d-------- βούλομαι@v1siie--- μέν@d-------- ὦ@i-------- βασιλεύς@n-s---mv- ὁ@l-s---fa- βελτίων@a-s---fac δόξα@n-s---fa- ἀπό@r-------- πᾶς@a-p---ng- εἰμί@v--pna--- ὁ@l-s---fd- πόλις@n-s---fd- οὗτος@p-s---mn- δέ@c-------- οὐδείς@a-s---fd- τέχνη@n-s---fd- δύναμαι@v3spoe--- ἄν@d-------- διαφεύγω@v--ana--- ὁ@l-s---na- μή@d-------- δοκέω@v--pna--- εἰς@r-------- στάσις@n-p---fa- ἐμπίτνω@v--pna--- οὐ@d-------- δέ@d-------- ἄν@d-------- ἐξαλείφω@v3saoa--- τις@p-s---mn- δομετιανὸς@n-s---ma- οὐ@d-------- δέ@c-------- θεόφιλος@n-s---ma- οὐ@d-------- δέ@c-------- ὅς@p-s---mg- πᾶς@a-p---nn- ἐλάσσων@a-p---nnc ὁ@l-p---na- περί@r-------- ἐγώ@p1p---ma- ὅς@p-s---fd- σύ@p2s---cn- μέν@d-------- λαμπρός@a-s---mnc γίγνομαι@v2sria--- ἐγώ@p1p---mn- δέ@d-------- εἰς@r-------- δόξα@n-s---fa- βάλλω@v1pria--- μένω@v2spma--- καί@c-------- ὁ@l-s---ng- μή@d-------- κατασκάπτω@v--rne--- ὁ@l-s---fa- πόλις@n-s---fa- ὀφείλω@v1paia--- χάρις@n-p---fa- ὁ@l-s---mn- δέ@d-------- ὁ@l-p---ma- πολύς@a-p---ma- ὁ@l-p---fd- πολύς@a-p---fd- πληγή@n-p---fd- αἰκίζομαι@v-sapemn- ὁ@l-s---mn- παίω@n-p---mg- βασιλεύς@n-s---mn- ἐν@r-------- τις@a-s---fd- δόξα@n-s---fd- ὁ@l-s---ma- ὄχλος@n-s---ma- ἔχω@v3siia--- οὐ@d-------- ὁ@l-s---fd- παρά@r-------- ὁ@l-s---fg- ἀταξία@n-s---fg-"
"Orat. 46_31","ὁ@l-p---mn- δέ@d-------- συμφορά@n-s---fa- ἡγέομαι@v-pppemn- ὁ@l-s---fd- πόλις@n-s---fd- ὁ@l-p---ma- ὀρχέομαι@v-pppema- διά@r-------- ὅς@p-p---ma- πολύς@a-p---mn- μέν@d-------- ἀργός@a-p---mn- πολύς@a-p---mn- δέ@d-------- ἄσωτος@a-p---mn- πολύς@a-p---mn- δέ@d-------- πατραλοῖαι@a-p---fn- πολύς@a-p---mn- δέ@c-------- ἐμαυτοῦ@p-p---ma- εὐδαιμονίζω@v-pppamn- εἰ@c-------- αὐτός@p-p---md- περί@r-------- ὁ@l-p---fa- θύρα@n-p---fa- καί@c-------- ὁ@l-p---na- δοῦλος@n-p---mg- ἐπιτάσσω@v3paop--- ἆρα@d-------- οὖν@d-------- ι@n-s---fv- ὁ@l-p---mn- ὁ@l-s---fg- πόλις@n-s---fg- ἕλκος@n-s---na- καλέω@v-pppamn- ὁ@l-p---fa- περί@r-------- αὐτός@p-p---ma- σπουδή@n-p---fa- ἀπό@r-------- ὅς@p-p---fg- εἰ@a-p---fn- μιαρός@a-p---fn- φωνή@n-p---fn- ὁ@l-p---na- εικής@a-p---nac περί@r-------- αὐτός@p-p---mg- ὑπολαμβάνω@v3ppia--- ἤ1@c-------- ὁ@l-p---na- δυσχερής@a-p---nac ἐγώ@p-s---mn- μέν@d-------- οἴομαι@v1spie--- οὗτος@p-p---na- πῶς@d-------- οὖν@d-------- οὗτος@p-s---nn- ἀπόλλυμι@v3siia--- ὁ@l-s---ma- κάπηλος@n-s---ma- ἤ1@c-------- νόμος@n-s---mn- τις@p-s---cn- εἰμί@v3spia--- μόνος@d-------- κάπηλος@n-s---ma- ὁ@l-p---na- κακός@a-p---na- κακίζω@v--pna--- κωλύω@v-sppamn- θαυμάζω@v1spia--- δέ@d-------- εἰ@c-------- στάσις@n-s---fa- αὐτός@a-s---mn- φλωρέντιος@n-s---mn- ὀνομα@v3sria--- μάσσω@v-sppamn- ὁ@l-s---fa- τότε@d-------- κίνησις@n-s---fa- ἁμαρτάνω@v--rna--- ὁ@l-s---nd- ῥῆμα@n-s---nd- νομίζω@v3spia--- ὁ@l-s---ma- εἶπον@v-sapama- στασιάζω@v--ana--- ὁ@l-p---ma- οὐδείς@p-s---na- ὀκνέω@v-papama- ἐν@r-------- ὁ@l-s---nd- θέατρον@n-s---nd- τότε@d-------- ἐπαινέω@v-sppamd- μέν@d-------- οὖν@d-------- αὐτός@p-p---ma- λόγος@n-s---mn- δίδωμι@a-s---mn- ἄν@d-------- εἰμί@v3siia--- ἀλλά@c-------- ἁλίσκομαι@v3slia--- ἄν@d-------- κατηγορέω@v-sppamd- δέ@c-------- εἰμί@v3piia--- ἐλπίς@n-p---fn- ἀξιόω@v2siia--- οὖν@d-------- ἑαυτοῦ@p-s---mg- γίγνομαι@v--anm--- ὁ@l-s---ma- ἄνθρωπος@n-s---fa- προδότης@n-s---ma- ἵνα@c-------- μήτις@p-s---mn- ἀκούω@v3sasa--- κακός@d-------- ὁ@l-s---na- ἀληθής@a-p---na- ὁ@l-p---ng- ὁ@l-s---fa- πόλις@n-s---fa- πηρόω@v-prpeng- 33@x-------- καί@c-------- τίς@p-s---na- καινός@a-s---nn- φεύγω@v-sppama- κατηγορέω@v--pna--- καί@c-------- κρίνω@n-s---ma- μένω@v-sppema- ἐγκαλέω@v--pna--- ἤδη@d-------- γάρ@d-------- τις@p-s---mn- καί@d-------- κυβερνήτης@n-s---mn- τραῦμα@n-s---nd- ναύτης@n-s---ma- ἀφυπνίζω@v-sapamn- εἰς@r-------- κρίσις@n-s---fa- καθίστημι@v-sapamn- εἷς@a-s---fa- ἔχω@v3saia--- ἀπολογία@n-s---fa- ὁ@l-s---fa- κατηγορία@n-s---fa- καί@c-------- ὁ@l-s---na- οὐ@d-------- γάρ@d-------- ἐλαύνω@v3saia--- οὐδέ@d-------- ’@c-------- εἰμί@v3siia--- ἔργον@n-s---nn- ὁ@l-s---fg- κώπη@n-s---fg- οὐδείς@a-s---nn- ἀλλά@c-------- ὁ@l-s---fn- μέν@d-------- χείρ@n-s---fn- τηνάλλως@d-------- εἰμί@v3siia--- ἐπί@r-------- ὁ@l-s---fg- λαβή@n-s---fg- αὐτός@p-s---fn- δέ@c-------- ἀκολουθέω@v3siia--- ὁ@l-s---fd- ναῦς@n-s---fd- ὁ@l-s---mn- δέ@d-------- ῥέγχω@v3saia--- ἀσυντελής@a-s---mn- οὗτος@p-p---nn- ἄν@d-------- εἰμί@v3siia--- ἀπολογία@n-s---fn- ὁ@l-s---md- κυβερνήτης@n-s---md-"
"Orat. 46_34","καί@d-------- στρατηγός@n-s---mn- δέ@d-------- ἤδη@d-------- δειλός@a-s---ma- στρατιώτης@n-s---ma- ὁ@l-s---ma- ἑαυτοῦ@p-s---mg- χείρων@a-p---mac ὁ@l-p---mg- ἄλλος@p-p---mg- τις@p-p---ma- καί@c-------- ὅμοιος@a-p---ma- ἑαυτοῦ@p-s---md- ποιέω@v-sppama- λαμβάνω@v-sapamn- ἀποκτείνω@v3saia--- καί@d-------- οὗτος@p-s---mn- τοίνυν@d-------- κρίνω@v-sppemn- πολύς@a-s---mn- ἄν@d-------- εἰμί@v3siia--- ῥέω@v-sppamn- κατά@r-------- ὁ@l-s---mg- θνήσκω@v-srpamg- ὁ@l-s---fa- χροιά@n-s---fa- λέγω3@v-sppamn- ὁ@l-s---ma- φόβος@n-s---ma- ὁ@l-s---ma- τρόμος@n-s---ma- ὁ@l-s---na- μηδείς@p-s---na- ποιέω@v--pna--- ὁ@l-s---na- ὁ@l-p---ma- ἄλλος@p-p---ma- κωλύω@v--pna--- ὁ@l-s---na- ὁ@l-p---ma- πολέμιος@n-p---ma- εὐφραίνω@v--pna--- ὁ@l-s---na- εἰμί@v--pna--- ἐμπόδισμα@n-s---na- ὁ@l-s---na- ὁ@l-s---ma- θάνατος@n-s---ma- αὐτός@p-s---mg- γίγνομαι@v--anm--- ὁ@l-p---md- ἄλλος@p-p---md- παράκλησις@n-s---fa- τις@p-s---mn- ἄν@d-------- μέμφομαι@v3saim--- ὁ@l-s---ma- στρατηγός@n-s---ma- οὕτως@d-------- ἀπολογέομαι@v-sppema- τις@p-s---mn- οὐ@d-------- ἄν@d-------- ἐπαινέω@v3saia--- ὁ@l-s---ma- φόνος@n-s---ma- τις@p-s---mn- οὐ@d-------- ἄν@d-------- ἰσχύς@n-s---fa- φημί@v3saia--- ἐν@r-------- ὁ@l-p---nd- ἐρῶ@v-prpend- εἰμί@v--pna--- καίτοι@d-------- τίς@p-s---nn- οὗτος@p-p---nn- ἕτερος@a-s---nn- ἤ1@c-------- κατηγορία@n-s---fn-"
"Orat. 46_35","ὀρέστης@n-s---mn- ὁ@l-s---mn- ὁ@l-s---fa- μήτηρ@n-s---fa- ἀποκτείνω@v-srpamn- πῶς@d-------- ἄν@d-------- ἀπολογέομαι@v3saim--- καλός@a-s---nac ἤ1@c-------- κατηγορέω@v-sppamn- κλυταιμνή@n-s---fn- στρατία@n-s---fg- ὡς@c-------- συγχέω@v-sapafn- ὁ@l-p---na- δίκαιος@a-p---na- ὁ@l-p---mg- γάμος@n-p---mg- προτίθημι@v3saoa--- μέν@d-------- ἀνήρ@n-s---mg- τοιοῦτος@p-s---mg- μειράκιον@n-s---na- ἀσελγής@a-s---na- προστίθημι@v3saoa--- δέ@c-------- χέα@n-s---fd- φόνος@n-s---ma- ὥσπερ@d-------- δίκη@n-s---fa- ὀφείλω@v-sppamg- ὅς@p-p---ng- πάσχω@v3saia--- ἀγα@n-s---ma- μέμνων@n-s---mg- καίτοι@d-------- τις@p-s---mn- ἄν@d-------- εἶπον@v3saoa--- μέγας@a-s---nac περί@r-------- ὁ@l-s---fg- ἀπό@n-s---fg- λογίς@n-s---fn- ἐκεῖνος@p-s---fg- ἤ1@c-------- ὅτι@c-------- καί@d-------- θεός@n-p---md- εὖ@d-------- ἔχω@v--pna--- δοκέω@v3saia--- δικαστής@n-p---md-"
"Orat. 46_36","σύ@p2s---cn- δέ@d-------- βούλομαι@v2siie--- βελτίων@a-s---fac οὗτος@p-s---fg- ζητέω@v--pna--- ἀπολογία@n-s---fa- ὁ@l-s---ma- κάπηλος@n-s---ma- ποῖος@a-s---fa- πόθεν@d-------- φαίνω@v-sppefa- ὁ@l-s---mn- μέν@d-------- οὖν@d-------- διά@r-------- ὁ@l-s---fg- μόνος@a-s---fg- εἰμί@v-sppafg- ἀπολογία@n-s---fg- ἄρχω@v3siie--- σύ@p-s---mn- δέ@c-------- ἀντί@r-------- ὁ@l-s---ng- μισέω@v--pna--- ὁ@l-p---ma- εἰμί@v--pna--- κακός@a-p---ma- αἱρέω@v-papmma- ὁ@l-s---ma- οὐ@d-------- ἔχω@v-sppama- περί@r-------- αὐτός@p-p---mg- εἶπον@v--ana--- τις@p-s---na- καλός@a-s---na- οἴομαι@v2siie--- δεῖ@v--pna--- οὐ@d-------- εἰμί@v--pna--- σώζω@v3spie--- μέν@d-------- γάρ@d-------- ὁ@l-s---fd- ὁ@l-p---mg- θεός@n-p---mg- εὔνοια@n-s---fd- ὁ@l-s---nn- δέ@c-------- πλῆθος@n-s---nn- ὁ@l-p---fg- χείρ@n-p---fg- οὐ@d-------- οὗτος@p-s---na- βούλομαι@v3siie--- δεινός@n-s---ma- γάρ@d-------- ἐγώ@p1s---md- φημί@v3spia--- δοκέω@v3siia--- πόλις@n-s---fa- ὅλος@a-s---fa- ἀκούω@v--pna--- ὑπό@r-------- κάπηλος@n-s---mg- κακός@d-------- ἀλλά@d-------- εἴπερ@c-------- ἀληθής@a-p---nn- οὗτος@p-p---nn- εἰμί@v3siia--- μᾶλλον@d-------- δεῖ@v3siia--- δεινός@a-s---na- δοκέω@v--pna--- ὁ@l-s---na- πόλις@n-s---fa- ὅλος@a-s---fa- πλημμελέω@v--pna--- ἤ1@c-------- ὁ@l-s---nn- μέμφομαι@v--pne--- τις@p-s---ma- πόλις@n-s---fd- μέγας@a-s---fnc γάρ@d-------- ὁ@l-s---fn- βλάβη@n-s---fn- ὁ@l-s---nd- ποιέω@v--pna--- ὅς@p-p---na- μή@d-------- δεῖ@v3spia--- ἤ1@c-------- ὁ@l-s---ma- οὗτος@p-s---na- λέγω3@v-sppama- εἰμί@v--pna--- ἔτι@d-------- τοίνυν@d-------- οὐ@d-------- δέ@d-------- ἅπας@a-s---fg- λέγω3@v3siia--- εἰμί@v--pna--- ὁ@l-s---fa- αἰτία@n-s---fa- ὅς@p-s---mn- γε@d-------- οὐ@d-------- περί@r-------- πᾶς@a-p---mg- ὁ@l-p---ng- δέ@c-------- εἰμί@v-pppang- ἐν@r-------- ὁ@l-s---nd- θέατρον@n-s---nd- πολύς@a-s---na- γάρ@d-------- πλέος@a-s---nnc εἰμί@v3siia--- ὁ@l-s---ng- πάρειμι1@v-sppang- ὁ@l-s---nn- ἄπειμι@v-sppann- καί@c-------- πολλοστός@a-s---na- μέρος@n-s---na- ὁ@l-s---ng- ὁ@l-s---na- θέατρον@n-s---na- οὐ@d-------- ὁράω@v-sppamg- ὁ@l-s---na- χωρέω@v-sppana- ἐπί@r-------- αὐτός@p-s---na- ὥστε@c-------- ἔρχομαι@v-sapamn- τις@p-s---mn- ἄλλοθεν@d-------- πρῶτος@a-s---na- ὁράω@v-sppamn- ὁ@l-s---fa- πόλις@n-s---fa- καί@c-------- ὁ@l-s---na- συγκάθημαι@v-sppena- κατά@r-------- θέα@n-s---fa- ὁ@l-p---mg- ἐπί@r-------- ὁ@l-s---fg- σκηνή@n-s---fg- οὐ@d-------- εἰκότως@d-------- λέγω@v3saia--- ἄν@d-------- εἰς@r-------- πολυάνθρωτος@a-s---na- -@v-srpana- πον@v-sppana- ἥκω@v--pna--- ἄστυ@n-s---na- οὕτως@d-------- εἰ@c-------- καί@d-------- κατά@r-------- πᾶς@a-p---mg- ἐρῶ@v3slie--- ὁ@l-p---mg- ἐν@r-------- ὁ@l-s---nd- θέατρον@n-s---nd- ὁ@l-s---nn- ῥῆμα@n-s---nn- οὐ@d-------- κατά@r-------- πᾶς@a-s---fg- ἐρῶ@v3slie--- ὁ@l-s---fg- πόλις@n-s---fg-"
"Orat. 46_38","φημί@v3ppia--- δέ@d-------- καί@d-------- σαφής@d-------- αὐτός@p-s---ma- ἀφίημι@v--ana--- ὁ@l-s---fg- αἰτία@n-s---fg- ὁ@l-s---na- πλέος@a-s---na- ἐν@r-------- ὁ@l-s---nd- τις@p-p---ma- εἶπον@v--ana--- εἶπον@v--ana--- γάρ@d-------- τις@p-p---cg- εἰμί@v--pna--- οὗτος@p-p---na- ζάω@v-pppamg- ἐν@r-------- ἀταξία@n-s---fd- καί@d-------- μήν@d-------- ὅς@p-s---mn- γε@d-------- συλλαμβάνω@v-sappmn- νύξ@n-s---fg- εἰμί@v3siia--- ὑπό@r-------- ὁ@l-p---md- ἁλίσκομαι@v-papamd- ι@n-s---mg- καί@c-------- δακρύω@v3saia--- οὕτως@d-------- ὁ@l-p---nn- γε@d-------- οὐ@d-------- ἐρῶ@v-prpenn- περί@r-------- ὁ@l-p---ng- φαῦλος@a-p---ng- ἐρῶ@v3slie--- οὐ@d-------- δέ@d-------- γάρ@d-------- ὁράω@v3siie--- παρά@r-------- ὁ@l-s---mg- δικάζω@v-sppamg- οὐ@d-------- δέ@c-------- ἀνερωτάω@v3siie--- ὥστε@c-------- εἰμί@v3siia--- ἄν@d-------- ἐν@r-------- ὅς@p-p---nd- γίγνομαι@v3saim--- καί@d-------- σιωπάω@v-sppamn- ἀπό@r-------- ὁ@l-p---ng- περί@r-------- ὁ@l-p---na- μέτρον@n-p---na- ὁ@l-s---fa- γάρ@d-------- ὀργή@n-s---fa- ἀπό@r-------- ὅς@p-s---fg- λαμβάνω@v3slie--- πληγή@n-p---fn- δείκνυμι@v--fna--- μέλλω@v3piia---"
"Orat. 46_39","ὡς@c-------- δέ@d-------- οὕτως@d-------- ἄν@d-------- ἔχω@v3saia--- ἐκεῖνος@p-s---nn- σημεῖον@n-s---nn- μέγας@a-s---nns ὁ@l-p---mn- γάρ@d-------- δή@d-------- μηδείς@p-s---na- μή@d-------- τε@d-------- τίθημι@v-papamn- μή@d-------- τε@c-------- ἀποκρίνω@v-papmmn- μισθός@n-s---ma- δίδωμι@v3paia--- ἰατρός@n-p---md- ὑπέρ@r-------- ἑαυτοῦ@p-p---mg- καί@d-------- θρῆνος@n-p---mg- ὁ@l-p---mg- ἴσος@a-p---mg- τυγχάνω@v3paia--- καί@c-------- πρός@r-------- γυνή@n-p---fa- καί@c-------- παῖς@n-p----a- εἶπον@v3paia--- ἐφίημι@d-------- λέγω3@v--pna--- τελευτή@n-s---fn- προσδοκάω@v1spia--- -@v3saop--- μένω@v-sapmfn- ἀλλά@c-------- ’@d-------- οἴομαι@v1spie--- ὁ@l-s---fa- κακός@a-s---fa- μοῖρα@n-s---fa- ὁ@l-p---mg- ἐν@r-------- ὁ@l-s---fd- πόλις@n-s---fd- κολακεύω@v-sppamn- καί@c-------- ὁ@l-p---fa- παρά@r-------- ὁ@l-p---ng- κακός@a-p---mgs εὐφημία@n-p---fa- ἀπό@r-------- δεῖξις@n-s---fa- ἀρχή@n-s---fg- ἄριστος@a-s---fgs ἡγέομαι@v-sppemn- ἵνα@c-------- ὁ@l-p---na- τοιοῦτος@p-p---na- βοάω@v3ppoa--- ἄχθομαι@v--pne--- φημί@v3spia--- ὑπέρ@r-------- αὐτός@p-p---mg- καί@c-------- κτείνω@v--pna--- ὁ@l-s---ma- οὐ@d-------- ὁ@v-sppemg- -@v-sppema- εἰμί@v-sppema- αὐτός@p-p---ma- ἰσόθεος@a-p---ma- τις@p-p---ma- εἰμί@v--pna---"
"Orat. 46_40","καί@c-------- φιλέω@v1spia--- δή@d-------- φημί@v3spia--- ὁ@l-s---fa- πόλις@n-s---fa- πάνυ@d-------- γε@d-------- ὡς@c-------- δείκνυμι@v3saia--- ἀπό@r-------- ὁ@l-s---fg- περί@r-------- ὁ@l-s---fa- βουλή@n-s---fa- ἀτιμία@n-s---fg- μέσος@a-s---na- 10@a-s---ma- μέν@d-------- ἑαυτοῦ@p-s---mg- τε@d-------- καί@c-------- ὁ@l-s---fg- ἐκεῖνος@p-p---mg- προσρήσεις@n-s---fg- στάδιον@n-s---na- ι@a-s---na- ποιέω@v-sapmmn- οὐ@d-------- ὑπομένω@v-sapamn- δέ@c-------- ὁ@l-s---na- αὐτός@p-s---na- ποιέω@v--ana--- πολύς@a-p---md- ὑπάρχω@a-p---md- γενναῖος@a-p---md- ὅς@p-p---mn- ὁ@l-s---fa- βουλή@n-s---fa- ὁπότε@c-------- ἐν@r-------- οὗτος@p-s---nd- θεάομαι@v3paom--- μάλα@d-------- ὀξέως@d-------- ἐπί@r-------- ὁ@l-p---fa- χείρ@n-p---fa- ὁ@l-p---mg- χαμαί@d-------- ἵστημι@v-papamg- σφεῖς@p-p---ma- πηδάω@v3piia--- καί@c-------- κατέχω@v3siia--- αὐτός@p-p---ma- ἄνω@d-------- ὁ@l-p---ng- πᾶς@a-p---ng- οὐδείς@p-s---nn- οὐ@d-------- ὄμβρος@n-s---mn- οὐ@d-------- χιών@n-s---fn- οὐ@d-------- πηλός@n-s---mn- οὐ@d-------- βροντή@n-p---mg- κτύπος@n-s---mn- οὐ@d-------- ἀστραπή@n-p---mg- σέλας@n-s---nn- οὐ@d-------- ὁ@l-s---nn- μέγας@n-s---nn- στάζω@n-s---mv- σκιά@n-p---fn- πούς@n-p---mg- ἀντί@r-------- πούς@n-p---mg- καταστρέφω@v-prpamg- ποδάγρα@n-s---fd-"
"Orat. 46_41","οὐ@d-------- εἰμί@v3spia--- φιλέω@v-sppamg- ἐγώ@p1p---ma- οὐ@d-------- εἰμί@v3spia--- ὁ@l-p---nn- περί@r-------- ὁ@l-p---ma- ἁμιλλητήριος@a-p---ma- ἵππος@n-p---ma- παρά@r-------- ὁ@l-s---ma- νόμος@n-s---ma- πράσσω@v-prpenn- ὁ@l-s---ma- ἀφίημι@v-sppama- πόνος@n-s---ma- ι@n-------- εἰς@r-------- ἀπόλαυσις@n-s---fa- ὁ@l-s---fg- πόα@n-s---fg- ὅς@p-s---mg- διά@r-------- μέν@d-------- ὁ@l-s---fa- ὥρα@n-s---fa- ὁ@l-p---md- ἵππος@n-p---md- ἔρως@n-s---mn- διά@r-------- δέ@c-------- σύ@p-s---ma- στέρη@n-s---fn- σις@n-s---fn- ἀπό@r-------- ὅς@p-s---fg- ὄλεθρος@n-s---mn- ὅθεν@d-------- ὁ@l-s---nd- λειτουργέω@v-sppand- πενία@n-s---fn- ὁ@l-s---fg- δέ@d-------- περί@r-------- ὁ@l-s---na- μέρος@n-s---na- ζημία@n-s---fg- ὁ@l-s---nn- κοινός@a-s---nn- αἰσθάνομαι@v3spie---"
"Orat. 46_42","φιλέω@v-sppamg- εἰμί@v3siia--- ὁ@l-s---nn- ἄρχω@v-sppena- μή@d-------- ὁ@l-p---md- δικάζω@v-pppemd- ποιέω@v--ana--- ὁ@l-s---na- δικαστήριον@n-s---na- ὕφαλος@v-sppamn- χαλεπός@a-s---nac τις@p-s---mn- γάρ@d-------- ἄν@d-------- φέρω@v3saoa--- τοσοῦτος@p-p---mg- ὑπηρέτης@n-p---mg- στόμα@n-p---na- νικάω@v-pppana- ὁ@l-p---na- ὁ@l-p---mg- λύκων@n-p---mg- πᾶς@a-p---ng- μέν@d-------- λαμβάνω@v--ana--- ἀξιόω@v-pppamg- μέτριος@a-s---ng- δέ@d-------- οὐδείς@p-s---ng- ἀρκέω@v-sppamg- ἀεί@d-------- δέ@c-------- ὁ@l-s---ng- πλείων@a-s---ngc ζητέω@v-sppemg- μένω@v3spia--- μέν@d-------- οὐδείς@a-s---mn- ὅρος@n-s---mn- ὁ@l-p---mg- πάλαι@d-------- ἵστημι@v-pappmg- ἐπικλύω@v3saia--- δέ@c-------- ὁ@l-p---ma- ψῆφος@n-s---fg- δέω2@v-pppema- ὁ@l-s---fn- διά@r-------- ὅς@p-p---ng- τε@d-------- πορεύω@v3ppie--- περί@r-------- ὁ@l-p---na- κέρδος@n-p---na- μανία@n-s---fn- ὅς@l-s---mn- τε@c-------- κορυφαῖος@a-s---mn- ὁ@l-p---mg- ληιστής@n-p---mg- ὁ@l-s---ma- εἷς@n-s---ma- τέσσαρες@a-p---ma- ἐργάζομαι@v-srpemn- ὥστε@c-------- ὁ@l-p---mn- μέν@d-------- πλήρης@a-p---mn- ἵστημι@a-s---ma- -@d-------- τήρων@n-p---mg- ἄπειμι1@v-pppamn- ὁ@l-s---fd- χείρ@n-s---fd- οὗτος@p-s---ma- ὑμνέω@v3ppia--- ὁ@l-s---mn- δέ@c-------- ὁ@l-s---fg- χλαμύς@n-s---fg- εἰς@r-------- οὗτος@p-s---na- χρῄζω@v-sppamn- διψάω@v-sppamn- ὅμως@d-------- ἀπέρχομαι@v3spie--- καί@d-------- δοκέω@v2spia--- δή@d-------- μετέχω@v--pna--- ὁ@l-s---fg- συλλογή@n-s---fg- μή@d-------- γάρ@d-------- ἄν@d-------- ἀνά@v2paoa--- ἔχω@v--pne--- τοσοῦτος@p-s---na- κακός@a-s---na- μή@d-------- κοινωνία@n-s---fg- εἰμί@v-sppafg- 43@x-------- τοιοῦτος@p-s---mn- ἐγώ@p1p---cd- ὁ@l-s---mn- ὁ@l-p---mg- κάπηλος@n-p---mg- παιδευτής@n-s---mn- ὁ@l-s---mn- ὁ@l-p---na- μικρός@a-p---na- μέν@d-------- ὁράω@v-sppamn- ὁ@l-p---na- μέγας@a-p---nac δέ@d-------- οὐ@d-------- βούλομαι@v-sppemn- καί@d-------- εἰ@c-------- μέν@d-------- ἀγνοέω@v3siia--- ὁ@l-s---fa- περί@r-------- οὗτος@p-p---na- ἀσέβεια@n-s---fa- καί@d-------- οὕτως@d-------- μέν@d-------- ἄν@d-------- ἁμαρτάνω@v3siia--- οὐ@d-------- οἶδα@v-srpamn- ὅς@p-p---na- προσήκω@v3siia--- εἰμί@v3siia--- δέ@c-------- ἄν@d-------- ἴσως@d-------- τις@p-s---nn- καί@d-------- συγγνώμη@n-s---fg- νῦν@d-------- δέ@d-------- εἰμί@v3ppia--- ὁ@l-p---mn- πρός@r-------- αὐτός@p-s---ma- εἶπον@v3paia--- τε@d-------- καί@d-------- διηγέομαι@v3paim--- καί@c-------- παραινέω@v3paia--- ἑαυτοῦ@p-s---mg- φροντίζω@v--ana--- καί@c-------- βοηθέω@v--ana--- ὁ@l-s---nd- δικαστήριον@n-s---nd- λέγω3@v-pppamn- ὡς@c-------- ὠμός@a-p---mnc ὁ@l-p---mg- ἐν@r-------- ὁ@l-p---fd- ἐρημία@n-p---fd- κάκουργος@a-p---mg- εἰμί@v3ppia--- ὁ@l-p---mn- λαμβάνω@v-pppemn- ὁ@l-p---mg- ὑπέρ@r-------- δίκη@n-p---fg- δεῦρο@d-------- ἀφικνέομαι@v-pppemg- μέλλω@v-pppamg- τε@d-------- ἀγωνίζομαι@v--fnm--- καί@c-------- μετά@r-------- ὁ@l-s---fa- γνῶσις@n-s---fa- ὁ@l-s---mn- δέ@d-------- οὗτος@p-p---na- ἀκούω@v-sppamn- πλάσσω@v3spia--- μῦθος@n-s---ma- ὅς@p-s---mn- οὕτως@d-------- εἰμί@v3spia--- ἀπίθανος@a-s---mn- ὥστε@c-------- οὐ@d-------- δέ@d-------- παῖς@n-s---ma- ἄν@d-------- λαμβάνω@v3saoa--- καί@d-------- φημί@v3spia--- οὐ@d-------- ἑαυτοῦ@p-s---mg- οὗτος@p-p---na- εἰμί@v--pna--- ὁ@l-p---mg- δέ@d-------- κελεύω@v-prpamg-"
"Orat. 46_44","ἐγώ@p1s---mn- δέ@d-------- οὐ@d-------- τε@d-------- κατά@r-------- ἀριστείδης@n-s---mg- ὁ@l-s---mg- λυσίμαχος@n-s---mg- οὗτος@a-s---ma- ἄν@d-------- δέχομαι@v1saim--- ὁ@l-s---ma- λόγος@n-s---ma- οὗτος@p-s---mn- τε@c-------- ὁ@l-s---fa- οὐ@d-------- εἰμί@v-sppafa- ἀνάγκη@n-s---fa- αἰτιάομαι@v3spie--- οὐ@d-------- δέ@d-------- γάρ@d-------- ἀκοή@n-s---fa- τοιοῦτος@a-s---fa- ἐκεῖνος@p-s---mn- φέρω@v3saia--- ἄν@d-------- ἦ@d-------- πού@d-------- γε@d-------- λέγω@v3saia--- ἄν@d-------- ἀλλά@c-------- διανοέω@v3spie--- δράω@v--pna--- ὁ@l-s---ma- φιλέω@v-sppama- δέω@a-s---ma- κνύω@v3ppia--- εἰ@n-p---fn- στοά@n-p---fn- ἀλλά@d-------- οὐ@d-------- δέ@c-------- εἰ@c-------- πρότερος@a-p---fn- ὁ@l-p---mg- φιλέω@v-pppamg- εἰμί@v3piia--- ὁ@l-s---fa- πόλις@n-s---fa- ἀλλά@c-------- ἑαυτοῦ@p-p---ma- πηγή@n-s---fg- στοά@n-s---fg- ἕκαστος@a-s---fg- χρυσός@n-s---mg- καθίστημι@v-sppefg- ὁ@l-s---fg- δέ@c-------- αὐτός@p-s---fg- καί@d-------- κρύος@v-sppamn- ὁ@l-p---na- γάρ@d-------- δή@d-------- πρῶτος@a-p---na- ὁ@l-p---fg- στοά@n-p---fg- οἰκία@n-p---fg- κατά@v3pria--- σκαφή@n-p---fn- πολύς@a-p---fa- γενεά@n-p---fa- δέχομαι@v-papmmg- ὥστε@c-------- αὐτός@p-p---md- ἀντί@r-------- οἴκησις@n-s---fg- γίγνομαι@v--anm--- ὁ@l-p---na- ὁ@l-p---mg- λίθος@n-p---mg- χρῆμα@n-p---na- ἄγω@v3spia--- δή@d-------- καί@d-------- οὗτος@a-s---ma- ὁ@l-s---mn- αὐτός@a-s---mn- λογισμός@n-s---mn- ἐπί@r-------- οὗτος@p-p---na- καί@d-------- λόγος@n-s---mn- εὐρύς@a-s---fa- αὐτός@p-s---ma- ὁ@l-s---fa- ὁδός@n-s---fa- διά@r-------- στοά@n-s---fg- ποιέω@v--fna--- εἶτα@d-------- ’@c-------- ἵνα@c-------- ’@c-------- εὐρύς@a-s---fn- παλαιστής@n-s---fd- γίγνομαι@v3sasm--- τάφος@n-s---mn- ἅπας@a-s---mn- ἀπόκειμαι@n-------- λυπέω@v3srie--- καί@c-------- θήκη@n-s---fn- ι@n-------- πᾶς@a-s---fn- ἐξυβρίζω@n-p---mn- καί@c-------- ὁ@l-p---mg- ὁ@l-s---fa- πόλις@n-s---fa- οἰκέω@v-papamg- ὁ@l-p---nn- ὀστέον@n-p---nn- διαρρίπτω@v3srie--- αἰδώς@n-s---fn- δέ@d-------- εἷς@a-s---fn- νεκρός@n-p---md- ἀνήρ@n-p---mg- ἀγαθός@a-p---mg- ἀλλά@c-------- ἀντίκρούω@v2sama--- ὦ@i-------- βασιλεύς@n-s---mv- καί@c-------- ὁ@l-p---ma- κε@d-------- -@a-p---ma- μέλεος@n-p---ma- ἐλεέω@v2sama--- καί@c-------- φυλάσσω@v2sama--- ἕκαστος@a-s---md- ὁ@l-p---na- τελευταῖος@a-p---na- οὐ@d-------- δέ@d-------- γάρ@d-------- ἀδεής@a-s---nn- ἴσως@d-------- τοσοῦτος@a-p---fa- ψυχή@n-p---fa- ἐκπολεμόω@v--ana--- ὁ@l-s---fd- πόλις@n-s---fd- καί@c-------- ποιέω@v--ana--- δυσμενής@a-p---fa- ὁ@l-p---md- μέν@d-------- ὡς@d-------- ἀδικέω@v-prpamd- ὁ@l-p---md- δέ@d-------- ὡς@d-------- ἀμελέω@v-prpamd-"
